Dates,All-items,Food 5,Shelter 6,"Household operations, furnishings and equipment",Clothing and footwear,Transportation,Gasoline,Health and personal care,"Recreation, education and reading","Alcoholic beverages, tobacco products and recreational cannabis",All-items excluding food and energy 7,All-items excluding energy 7,Energy 7,Goods 8,Services 9
01-01-1950,12.1,11.2,..,..,22.3,10.9,12.5,10.4,12.2,9,..,..,..,..,..
01-02-1950,12.2,11.3,..,..,22.2,10.9,12.6,10.4,12.3,9,..,..,..,..,..
01-03-1950,12.3,11.4,..,..,22.1,10.9,12.6,10.4,12.3,9,..,..,..,..,..
01-04-1950,12.3,11.4,..,..,22.1,10.9,12.6,10.4,12.3,9,..,..,..,..,..
01-05-1950,12.3,11.4,..,..,22.1,10.9,12.6,10.4,12.3,9,..,..,..,..,..
01-06-1950,12.3,11.6,..,..,22.1,10.9,12.6,10.4,12.3,9,..,..,..,..,..
01-07-1950,12.4,11.8,..,..,22.1,10.9,12.6,10.4,12.3,9,..,..,..,..,..
01-08-1950,12.5,11.9,..,..,22.1,10.9,12.6,10.4,12.3,9,..,..,..,..,..
01-09-1950,12.7,12.1,..,..,22.3,11.1,12.7,10.4,12.4,9,..,..,..,..,..
01-10-1950,12.9,12.4,..,..,22.4,11.2,12.7,10.4,12.6,9.5,..,..,..,..,..
01-11-1950,12.9,12.5,..,..,22.5,11.1,12.3,10.4,12.6,9.5,..,..,..,..,..
01-12-1950,12.9,12.5,..,..,22.5,11.1,12.3,10.5,12.8,9.5,..,..,..,..,..
01-01-1951,13,12.5,..,..,22.8,11.5,12.5,10.8,12.9,9.5,..,..,..,..,..
01-02-1951,13.3,12.7,..,..,23.4,11.5,12.5,10.9,13,9.5,..,..,..,..,..
01-03-1951,13.4,13,..,..,23.8,11.5,12.5,11.1,13,9.5,..,..,..,..,..
01-04-1951,13.6,13.2,..,..,24.2,11.5,12.5,11.2,13.1,9.5,..,..,..,..,..
01-05-1951,13.6,13.1,..,..,24.3,11.5,12.5,11.2,13.2,10,..,..,..,..,..
01-06-1951,13.9,13.3,..,..,24.3,11.8,12.6,11.2,13.3,10,..,..,..,..,..
01-07-1951,13.9,13.5,..,..,24.4,11.8,12.6,11.3,13.4,10,..,..,..,..,..
01-08-1951,14,13.7,..,..,24.7,12,12.6,11.5,13.6,10,..,..,..,..,..
01-09-1951,14.1,13.8,..,..,25,12.1,12.6,11.5,13.6,10,..,..,..,..,..
01-10-1951,14.2,13.9,..,..,25.5,12.1,12.6,11.6,13.7,10,..,..,..,..,..
01-11-1951,14.3,14,..,..,25.6,12.1,12.6,11.6,13.8,10.3,..,..,..,..,..
01-12-1951,14.3,14,..,..,25.7,12.1,12.6,11.7,13.8,10.3,..,..,..,..,..
01-01-1952,14.4,14,..,..,25.6,12.1,12.7,11.8,13.9,10.3,..,..,..,..,..
01-02-1952,14.3,13.8,..,..,25.3,12.1,12.7,11.9,13.9,10.3,..,..,..,..,..
01-03-1952,14.2,13.5,..,..,25.2,12.3,12.7,11.9,14,10.3,..,..,..,..,..
01-04-1952,14.2,13.5,..,..,25.1,12.3,12.7,11.9,14.2,10.3,..,..,..,..,..
01-05-1952,14.1,13.2,..,..,25,12.1,12.6,12,14.2,10,..,..,..,..,..
01-06-1952,14.1,13.3,..,..,24.9,12.1,12.6,12,14.2,10,..,..,..,..,..
01-07-1952,14.1,13.3,..,..,24.9,12.1,12.6,12,14.2,10,..,..,..,..,..
01-08-1952,14.1,13.3,..,..,24.9,12.1,12.6,12,14.2,10,..,..,..,..,..
01-09-1952,14.1,13.3,..,..,24.7,12.1,12.6,12,14.2,10,..,..,..,..,..
01-10-1952,14.1,13.2,..,..,24.5,12.4,12.6,12,14.2,10,..,..,..,..,..
01-11-1952,14.1,13.3,..,..,24.4,12.4,12.6,12,14.2,10,..,..,..,..,..
01-12-1952,14.1,13,..,..,24.4,12.4,12.5,12,14.3,10,..,..,..,..,..
01-01-1953,14.1,13,..,..,24.4,12.4,12.5,12,14.4,10,..,..,..,..,..
01-02-1953,14,13,..,..,24.4,12.4,12.5,12,14.4,10,..,..,..,..,..
01-03-1953,13.9,12.8,..,..,24.4,12.4,12.6,12,14.4,9.5,..,..,..,..,..
01-04-1953,13.9,12.7,..,..,24.4,12.4,12.6,12.2,14,9.5,..,..,..,..,..
01-05-1953,13.9,12.6,..,..,24.6,12.4,12.6,12.2,14.1,9.5,..,..,..,..,..
01-06-1953,13.9,12.7,..,..,24.6,12.4,12.6,12.2,14.1,9.5,..,..,..,..,..
01-07-1953,13.9,13,..,..,24.6,12.4,12.6,12.2,14.2,9.5,..,..,..,..,..
01-08-1953,14.1,13,..,..,24.6,12.4,13,12.3,14.2,9.5,..,..,..,..,..
01-09-1953,14.1,13,..,..,24.6,12.5,13,12.3,14.2,9.5,..,..,..,..,..
01-10-1953,14.2,13.2,..,..,24.6,12.5,13,12.3,14.2,9.5,..,..,..,..,..
01-11-1953,14.1,13,..,..,24.6,12.4,13,12.3,14.4,9.5,..,..,..,..,..
01-12-1953,14.1,12.9,..,..,24.6,12.4,13,12.3,14.4,9.5,..,..,..,..,..
01-01-1954,14.1,12.8,..,..,24.6,12.4,13,12.4,14.4,9.5,..,..,..,..,..
01-02-1954,14.1,12.8,..,..,24.5,12.4,13,12.5,14.4,9.5,..,..,..,..,..
01-03-1954,14,12.7,..,..,24.4,12.4,13,12.5,14.4,9.5,..,..,..,..,..
01-04-1954,14,12.6,..,..,24.5,12.4,13,12.7,14.4,9.5,..,..,..,..,..
01-05-1954,14,12.6,..,..,24.5,12.4,13,12.7,14.6,9.5,..,..,..,..,..
01-06-1954,14.1,12.9,..,..,24.4,12.4,13,12.7,14.6,9.5,..,..,..,..,..
01-07-1954,14.1,12.9,..,..,24.4,12.5,12.9,12.7,14.6,9.5,..,..,..,..,..
01-08-1954,14.2,13.1,..,..,24.4,12.5,12.7,12.8,14.6,9.5,..,..,..,..,..
01-09-1954,14.2,13,..,..,24.3,12.5,12.7,12.8,14.6,9.5,..,..,..,..,..
01-10-1954,14.2,13,..,..,24.2,12.6,12.7,12.9,14.6,9.5,..,..,..,..,..
01-11-1954,14.2,13,..,..,24.1,12.6,12.7,12.9,14.8,9.5,..,..,..,..,..
01-12-1954,14.1,13,..,..,24.1,12.6,12.7,12.9,14.8,9.5,..,..,..,..,..
01-01-1955,14.1,12.9,..,..,24.1,12.6,12.7,12.9,14.8,9.5,..,..,..,..,..
01-02-1955,14.1,12.8,..,..,24.1,12.6,12.7,12.9,14.8,9.5,..,..,..,..,..
01-03-1955,14.1,12.7,..,..,24.1,12.5,12.7,12.9,14.8,9.5,..,..,..,..,..
01-04-1955,14.1,12.7,..,..,24.1,12.4,12.7,12.9,14.8,9.5,..,..,..,..,..
01-05-1955,14.1,12.9,..,..,24.1,12.4,12.7,12.9,15,9.5,..,..,..,..,..
01-06-1955,14.1,12.7,..,..,24.1,12.2,12.7,12.9,15,9.5,..,..,..,..,..
01-07-1955,14.1,12.8,..,..,24.1,12.2,12.7,12.9,15,9.5,..,..,..,..,..
01-08-1955,14.1,12.9,..,..,24.1,12.3,12.7,12.9,15,9.5,..,..,..,..,..
01-09-1955,14.2,13,..,..,24.1,12.3,12.7,12.9,15,9.5,..,..,..,..,..
01-10-1955,14.2,13,..,..,24.1,12.3,12.8,12.9,15,9.5,..,..,..,..,..
01-11-1955,14.2,13,..,..,24.1,12.3,12.7,13,15.1,9.5,..,..,..,..,..
01-12-1955,14.2,12.9,..,..,24.2,12.3,12.8,13,15.1,9.5,..,..,..,..,..
01-01-1956,14.2,12.8,..,..,24.2,12.5,12.8,13,15.1,9.5,..,..,..,..,..
01-02-1956,14.1,12.6,..,..,24.2,12.6,12.8,13.1,15.1,9.5,..,..,..,..,..
01-03-1956,14.1,12.6,..,..,24.2,12.8,12.8,13.1,15.1,9.5,..,..,..,..,..
01-04-1956,14.1,12.6,..,..,24.2,12.8,12.9,13.2,15,9.5,..,..,..,..,..
01-05-1956,14.1,12.6,..,..,24.2,12.8,12.9,13.2,15.4,9.5,..,..,..,..,..
01-06-1956,14.3,13,..,..,24.2,12.7,12.9,13.2,15.4,9.5,..,..,..,..,..
01-07-1956,14.4,13.1,..,..,24.2,12.9,12.9,13.2,15.4,9.5,..,..,..,..,..
01-08-1956,14.5,13.3,..,..,24.2,12.9,13,13.2,15.4,9.5,..,..,..,..,..
01-09-1956,14.4,13.2,..,..,24.2,13,13,13.2,15.4,9.5,..,..,..,..,..
01-10-1956,14.5,13.5,..,..,24.2,13,13,13.4,15.4,9.5,..,..,..,..,..
01-11-1956,14.6,13.5,..,..,24.2,13.2,13,13.4,15.5,9.6,..,..,..,..,..
01-12-1956,14.6,13.5,..,..,24.2,13.2,13,13.4,15.5,9.6,..,..,..,..,..
01-01-1957,14.6,13.4,..,..,24.1,13.2,13,13.4,15.5,9.6,..,..,..,..,..
01-02-1957,14.6,13.5,..,..,24.1,13.4,13.3,13.7,15.5,9.6,..,..,..,..,..
01-03-1957,14.6,13.4,..,..,24.1,13.5,13.5,13.7,15.5,9.6,..,..,..,..,..
01-04-1957,14.7,13.4,..,..,24.2,13.5,13.5,14,15.5,9.6,..,..,..,..,..
01-05-1957,14.7,13.4,..,..,24.2,13.5,13.5,14,15.9,9.7,..,..,..,..,..
01-06-1957,14.8,13.5,..,..,24.2,13.5,13.4,14.1,16,9.7,..,..,..,..,..
01-07-1957,14.8,13.5,..,..,24.2,13.5,13.4,14.1,16,9.7,..,..,..,..,..
01-08-1957,14.9,13.8,..,..,24.1,13.5,13.4,14.3,16,9.7,..,..,..,..,..
01-09-1957,15,14,..,..,24.2,13.7,13.4,14.3,16,9.7,..,..,..,..,..
01-10-1957,15,14,..,..,24.2,13.7,13.4,14.3,16,9.7,..,..,..,..,..
01-11-1957,15,13.8,..,..,24.4,13.5,13.4,14.4,16.2,9.8,..,..,..,..,..
01-12-1957,14.9,13.6,..,..,24.5,13.8,13.4,14.5,16.2,9.8,..,..,..,..,..
01-01-1958,15,13.7,..,..,24.2,13.8,13.4,14.5,16.7,9.8,..,..,..,..,..
01-02-1958,15,13.8,..,..,24.2,13.8,13.4,14.5,16.7,9.8,..,..,..,..,..
01-03-1958,15.1,13.9,..,..,24.3,13.8,13.3,14.5,16.7,9.8,..,..,..,..,..
01-04-1958,15.1,14.2,..,..,24.4,13.8,13.3,14.7,16.7,9.8,..,..,..,..,..
01-05-1958,15.1,14,..,..,24.5,13.8,13.4,14.8,16.9,9.8,..,..,..,..,..
01-06-1958,15.1,14,..,..,24.4,13.8,13.3,14.8,16.9,9.8,..,..,..,..,..
01-07-1958,15.1,14,..,..,24.5,13.8,13,14.8,17,9.8,..,..,..,..,..
01-08-1958,15.1,14,..,..,24.4,13.8,13.1,14.8,17,9.8,..,..,..,..,..
01-09-1958,15.3,14.1,..,..,24.3,14.1,13.2,14.9,17,9.8,..,..,..,..,..
01-10-1958,15.3,14.2,..,..,24.5,14.1,13.2,15,17,9.8,..,..,..,..,..
01-11-1958,15.3,14.1,..,..,24.6,14.4,13.2,15.1,17.1,9.8,..,..,..,..,..
01-12-1958,15.3,14,..,..,24.6,14.5,13.3,15.1,17.1,9.8,..,..,..,..,..
01-01-1959,15.3,14,..,..,24.3,14.4,13.3,15.1,17.2,9.9,..,..,..,..,..
01-02-1959,15.3,13.9,..,..,24.2,14.4,13.4,15.1,17.2,9.9,..,..,..,..,..
01-03-1959,15.2,13.8,..,..,24.3,14.4,13.4,15.1,17.2,9.9,..,..,..,..,..
01-04-1959,15.2,13.8,..,..,24.4,14.4,13.4,15.2,17.2,9.9,..,..,..,..,..
01-05-1959,15.3,13.6,..,..,24.4,14.4,12.7,15.2,17.3,10.3,..,..,..,..,..
01-06-1959,15.1,13.7,..,..,24.3,14.5,13.2,15.3,17.4,10.3,..,..,..,..,..
01-07-1959,15.3,13.7,..,..,24.4,14.3,12.3,15.3,17.3,10.3,..,..,..,..,..
01-08-1959,15.3,13.8,..,..,24.4,14.4,12.7,15.3,17.3,10.3,..,..,..,..,..
01-09-1959,15.5,14,..,..,24.4,14.3,12.6,15.3,17.3,10.3,..,..,..,..,..
01-10-1959,15.5,14.2,..,..,24.6,14.3,12.6,15.5,17.3,10.3,..,..,..,..,..
01-11-1959,15.5,14.2,..,..,24.8,14.7,12.6,15.5,17.5,10.3,..,..,..,..,..
01-12-1959,15.5,14,..,..,24.8,14.7,12.6,15.5,17.5,10.3,..,..,..,..,..
01-01-1960,15.5,14,..,..,24.6,14.6,12.6,15.7,17.5,10.3,..,..,..,..,..
01-02-1960,15.5,13.8,..,..,24.4,14.6,12.3,15.7,17.5,10.3,..,..,..,..,..
01-03-1960,15.4,13.7,..,..,24.6,14.6,12.4,15.7,17.5,10.3,..,..,..,..,..
01-04-1960,15.5,13.9,..,..,24.7,14.6,12.3,15.7,17.5,10.3,..,..,..,..,..
01-05-1960,15.5,13.8,..,..,24.7,14.7,12.3,15.7,17.7,10.3,..,..,..,..,..
01-06-1960,15.5,13.8,..,..,24.7,14.7,12.3,15.8,17.7,10.3,..,..,..,..,..
01-07-1960,15.5,13.8,..,..,24.7,14.6,12.3,15.8,17.7,10.3,..,..,..,..,..
01-08-1960,15.5,14,..,..,24.6,14.7,12.4,15.7,17.7,10.3,..,..,..,..,..
01-09-1960,15.5,14.1,..,..,24.6,14.6,12.3,15.7,17.7,10.3,..,..,..,..,..
01-10-1960,15.7,14.5,..,..,24.8,14.6,12.3,15.8,17.7,10.3,..,..,..,..,..
01-11-1960,15.7,14.4,..,..,25.1,14.7,12.4,15.8,17.8,10.3,..,..,..,..,..
01-12-1960,15.7,14.4,..,..,25.2,14.7,12.3,15.8,17.8,10.3,..,..,..,..,..
01-01-1961,15.7,14.2,..,..,24.9,14.7,12.3,15.8,17.8,10.3,17.3,..,11.5,17.5,13.2
01-02-1961,15.7,14.2,..,..,24.8,14.7,12.3,15.7,17.9,10.3,17.3,..,11.5,17.5,13.2
01-03-1961,15.7,14.2,..,..,24.9,14.7,12.3,15.7,17.9,10.3,17.3,..,11.5,17.5,13.2
01-04-1961,15.7,14.2,..,..,25,14.7,12.3,15.8,17.8,10.3,17.3,..,11.5,17.5,13.2
01-05-1961,15.7,14.1,..,..,25,14.8,12.6,15.8,17.8,10.3,17.4,..,11.4,17.5,13.3
01-06-1961,15.7,14.2,..,..,25.1,14.7,12.3,15.8,17.8,10.3,17.3,..,11.3,17.5,13.3
01-07-1961,15.7,14.3,..,..,25,14.4,12.4,15.8,17.7,10.3,17.2,..,11.4,17.5,13.3
01-08-1961,15.7,14.4,..,..,25,14.5,12.7,15.7,17.8,10.3,17.2,..,11.5,17.5,13.3
01-09-1961,15.7,14.1,..,..,25.2,14.6,12.7,15.8,17.9,10.4,17.4,..,11.5,17.5,13.4
01-10-1961,15.7,14.1,..,..,25.3,14.6,12.6,15.8,17.8,10.4,17.4,..,11.5,17.5,13.4
01-11-1961,15.7,14.2,..,..,25.4,14.7,12.6,15.9,17.8,10.4,17.4,..,11.5,17.5,13.4
01-12-1961,15.7,14.2,..,..,25.4,14.7,12.3,15.9,17.8,10.4,17.4,..,11.3,17.5,13.4
01-01-1962,15.7,14.3,..,..,24.9,14.7,12.6,15.9,17.9,10.4,17.4,..,11.5,17.5,13.4
01-02-1962,15.7,14.3,..,..,24.9,14.7,12.6,16,17.9,10.4,17.4,..,11.5,17.5,13.4
01-03-1962,15.7,14.2,..,..,25.2,14.6,12.6,16,17.9,10.4,17.4,..,11.5,17.5,13.4
01-04-1962,15.8,14.5,..,..,25.3,14.6,12.6,16.1,17.9,10.5,17.4,..,11.4,17.5,13.4
01-05-1962,15.8,14.2,..,..,25.2,14.7,12.6,16.1,18,10.5,17.5,..,11.4,17.5,13.4
01-06-1962,15.9,14.5,..,..,25.2,14.7,12.6,16.1,18,10.5,17.5,..,11.4,17.6,13.5
01-07-1962,15.9,14.5,..,..,25.2,14.7,12.6,16.1,18,10.5,17.5,..,11.4,17.8,13.6
01-08-1962,16,14.7,..,..,25.2,14.7,12.6,16.1,18,10.5,17.5,..,11.4,17.8,13.6
01-09-1962,15.9,14.5,..,..,25.3,14.6,12.5,16.1,18,10.5,17.5,..,11.4,17.7,13.6
01-10-1962,16,14.5,..,..,25.9,14.6,12.3,16.3,18,10.5,17.5,..,11.3,17.8,13.6
01-11-1962,16,14.6,..,..,26,14.7,12.2,16.3,18.1,10.5,17.6,..,11.3,17.8,13.6
01-12-1962,16,14.6,..,..,25.9,14.6,11.9,16.3,18.1,10.5,17.6,..,11.3,17.8,13.6
01-01-1963,16,14.8,..,..,25.6,14.6,11.9,16.3,18.2,10.5,17.6,..,11.2,17.8,13.7
01-02-1963,16,14.9,..,..,25.6,14.6,11.9,16.3,18.2,10.5,17.6,..,11.3,17.9,13.7
01-03-1963,16,14.8,..,..,25.9,14.6,11.7,16.3,18.2,10.5,17.6,..,11.2,17.9,13.7
01-04-1963,16,14.8,..,..,25.9,14.5,11.9,16.5,18,10.5,17.7,..,11.3,17.9,13.7
01-05-1963,16,14.7,..,..,25.9,14.7,12.3,16.5,18.2,10.5,17.8,..,11.3,17.9,13.8
01-06-1963,16,14.9,..,..,26,14.6,12.3,16.5,18.3,10.5,17.8,..,11.3,18,13.8
01-07-1963,16.2,15.2,..,..,25.9,14.7,12.3,16.5,18.2,10.5,17.8,..,11,18.1,13.8
01-08-1963,16.3,15.3,..,..,25.9,14.7,12.6,16.5,18.2,10.5,17.8,..,11.2,18.1,13.8
01-09-1963,16.2,15,..,..,26,14.7,12.7,16.5,18.2,10.5,17.8,..,11.2,18,13.8
01-10-1963,16.2,15,..,..,26.3,14.7,12.7,16.7,18.4,10.5,17.8,..,11.2,18.1,13.8
01-11-1963,16.3,15,..,..,26.4,14.7,12.7,16.7,18.5,10.5,17.9,..,11.2,18.1,13.9
01-12-1963,16.3,15,..,..,26.5,14.7,12.7,16.8,18.5,10.5,17.9,..,11.2,18.1,13.9
01-01-1964,16.3,15,..,..,26.2,14.7,12.7,16.8,18.6,10.5,17.9,..,11.2,18.1,13.9
01-02-1964,16.3,15,..,..,26.2,14.9,12.7,16.8,18.6,10.6,18,..,11.2,18.1,14
01-03-1964,16.3,15,..,..,26.4,14.9,12.9,16.8,18.6,10.6,18,..,11.3,18.1,14
01-04-1964,16.4,15.1,..,..,26.6,14.9,12.9,17,18.5,10.6,18,..,11.3,18.2,14.1
01-05-1964,16.4,15,..,..,26.4,14.9,13,17,18.5,10.7,18.1,..,11.3,18.2,14.2
01-06-1964,16.4,15.2,..,..,26.6,14.8,12.9,17,18.5,10.7,18.1,..,11.3,18.2,14.2
01-07-1964,16.5,15.5,..,..,26.6,14.7,12.9,17,18.5,10.7,18.1,..,11.3,18.3,14.2
01-08-1964,16.5,15.5,..,..,26.5,14.7,12.9,17.1,18.5,10.7,18.1,..,11.3,18.2,14.2
01-09-1964,16.5,15.2,..,..,26.6,14.7,12.8,17.1,18.4,10.7,18.1,..,11.3,18.2,14.2
01-10-1964,16.5,15,..,..,26.9,14.7,12.7,17.3,18.5,10.8,18.2,..,11.2,18.2,14.2
01-11-1964,16.5,15.1,..,..,26.9,14.7,12.7,17.3,18.6,10.8,18.2,..,11.2,18.2,14.2
01-12-1964,16.6,15.3,..,..,27,14.9,12.7,17.6,18.8,10.8,18.3,..,11.2,18.2,14.3
01-01-1965,16.6,15.2,..,..,26.6,15.2,12.9,17.7,18.8,10.8,18.4,..,11.3,18.2,14.5
01-02-1965,16.6,15.3,..,..,26.6,15.2,12.8,17.7,18.8,10.8,18.4,..,11.3,18.2,14.5
01-03-1965,16.6,15.3,..,..,26.8,15.2,12.7,17.7,18.8,10.8,18.4,..,11.2,18.2,14.5
01-04-1965,16.7,15.3,..,..,27,15.2,12.8,17.8,18.8,10.8,18.4,..,11.2,18.3,14.6
01-05-1965,16.7,15.4,..,..,27,15.2,13,17.8,18.8,10.8,18.5,..,11.3,18.5,14.7
01-06-1965,16.9,15.8,..,..,27,15.3,13,17.8,18.9,10.8,18.6,..,11.3,18.6,14.7
01-07-1965,16.9,16,..,..,27,15.3,12.9,17.8,18.8,10.8,18.6,..,11.2,18.7,14.7
01-08-1965,16.9,15.8,..,..,26.9,15.5,13,17.8,18.8,10.9,18.6,..,11.2,18.6,14.7
01-09-1965,16.9,15.6,..,..,27.1,15.5,13.1,17.8,18.8,10.9,18.6,..,11.3,18.6,14.7
01-10-1965,16.9,15.5,..,..,27.6,15.5,13.2,18,18.8,10.9,18.6,..,11.3,18.6,14.8
01-11-1965,17,15.8,..,..,27.6,15.5,13.3,18.1,18.9,10.8,18.7,..,11.3,18.7,14.9
01-12-1965,17.1,16,..,..,27.6,15.5,13.4,18.1,19,10.8,18.8,..,11.3,18.7,14.9
01-01-1966,17.1,16.1,..,..,27.4,15.5,13.4,18.1,19,10.9,18.9,..,11.3,18.8,14.9
01-02-1966,17.2,16.3,..,..,27.6,15.6,13.4,18.1,19.1,11,18.9,..,11.3,19,15
01-03-1966,17.3,16.5,..,..,27.7,15.6,13.4,18.1,19.2,11,18.9,..,11.3,19,15.1
01-04-1966,17.4,16.5,..,..,28,15.7,13.4,18.2,19.3,11.1,19,..,11.4,19.2,15.1
01-05-1966,17.4,16.5,..,..,27.9,15.8,13.5,18.4,19.5,11.1,19.1,..,11.4,19.2,15.1
01-06-1966,17.5,16.6,..,..,28,15.8,13.5,18.4,19.5,11.1,19.1,..,11.4,19.3,15.1
01-07-1966,17.5,16.8,..,..,27.9,15.8,13.6,18.4,19.5,11.1,19.1,..,11.4,19.4,15.2
01-08-1966,17.6,17,..,..,27.9,15.7,13.6,18.4,19.6,11.1,19.1,..,11.4,19.4,15.2
01-09-1966,17.6,16.9,..,..,28.3,15.8,13.6,18.4,19.4,11.2,19.2,..,11.4,19.4,15.2
01-10-1966,17.6,16.7,..,..,28.8,15.8,13.8,18.6,19.5,11.2,19.2,..,11.5,19.4,15.3
01-11-1966,17.6,16.6,..,..,29,15.8,13.8,18.7,19.7,11.2,19.5,..,11.5,19.4,15.4
01-12-1966,17.7,16.6,..,..,28.9,15.8,13.8,18.7,19.8,11.2,19.5,..,11.5,19.4,15.4
01-01-1967,17.7,16.6,..,..,28.7,15.9,13.8,18.8,19.8,11.2,19.5,..,11.5,19.4,15.5
01-02-1967,17.7,16.5,..,..,28.8,16.1,13.8,18.9,20,11.2,19.5,..,11.5,19.4,15.6
01-03-1967,17.8,16.5,..,..,29.2,16.2,13.8,18.9,20,11.3,19.7,..,11.6,19.4,15.6
01-04-1967,17.9,16.5,..,..,29.5,16.4,13.8,19.3,20,11.3,19.9,..,11.9,19.5,15.9
01-05-1967,18,16.5,..,..,29.5,16.4,13.9,19.5,20.3,11.3,19.9,..,12,19.6,15.9
01-06-1967,18.1,16.6,..,..,29.5,16.5,13.9,19.4,20.3,11.3,20,..,12,19.7,16
01-07-1967,18.2,17,..,..,29.5,16.5,13.9,19.5,20.4,11.3,20.1,..,12,19.9,16.1
01-08-1967,18.3,17.4,..,..,29.5,16.5,13.8,19.5,20.4,11.4,20.1,..,11.9,20,16.1
01-09-1967,18.3,17,..,..,30,16.5,13.8,19.5,20.6,11.4,20.1,..,11.9,19.9,16.1
01-10-1967,18.3,17,..,..,29.9,16.5,13.8,19.7,20.7,11.4,20.2,..,11.9,19.9,16.3
01-11-1967,18.3,17,..,..,30,16.5,13.8,19.7,20.8,11.4,20.3,..,11.9,19.9,16.3
01-12-1967,18.4,17,..,..,30,16.7,13.8,19.7,20.7,11.8,20.3,..,11.9,20,16.3
01-01-1968,18.5,17.3,..,..,29.9,16.7,13.8,19.7,20.7,12.1,20.4,..,12,20.1,16.4
01-02-1968,18.5,17.1,..,..,29.9,16.6,13.9,19.7,20.9,12.1,20.6,..,12,20.1,16.4
01-03-1968,18.6,17,..,..,30.2,16.7,14.2,19.7,21.1,12.3,20.6,..,12.1,20.2,16.5
01-04-1968,18.6,17.1,..,..,30.4,16.8,14.5,20.1,21,12.5,20.8,..,12.2,20.4,16.6
01-05-1968,18.6,17,..,..,30.2,16.8,14.5,20.1,21.2,12.5,20.8,..,12.3,20.4,16.8
01-06-1968,18.7,17.1,..,..,30.4,16.9,14.5,20.1,21.2,12.5,20.9,..,12.3,20.4,16.9
01-07-1968,18.9,17.4,..,..,30.3,16.9,14.5,20.3,21.4,12.5,20.9,..,12.3,20.6,16.9
01-08-1968,19,17.6,..,..,30.2,16.9,14.5,20.3,21.4,12.5,20.9,..,12.4,20.6,16.9
01-09-1968,19,17.5,..,..,30.4,16.9,14.5,20.3,21.5,12.5,21,..,12.4,20.6,17
01-10-1968,19,17.5,..,..,30.8,16.9,14.5,20.3,21.7,12.5,21.1,..,12.4,20.7,17.1
01-11-1968,19.2,17.5,..,..,31,17,14.5,20.4,21.9,12.5,21.1,..,12.4,20.7,17.2
01-12-1968,19.2,17.7,..,..,31,17,14.5,20.4,21.9,12.5,21.2,..,12.4,20.7,17.2
01-01-1969,19.2,17.8,..,..,30.4,17,14.6,20.4,22.2,12.5,21.3,..,12.5,20.7,17.3
01-02-1969,19.2,17.6,..,..,30.5,17.2,14.6,20.5,22.2,12.6,21.3,..,12.5,20.7,17.4
01-03-1969,19.3,17.6,..,..,31.1,17.3,14.6,20.4,22.3,12.6,21.4,..,12.5,20.7,17.6
01-04-1969,19.6,17.8,..,..,31.2,17.6,14.6,21.1,22.3,12.9,21.7,..,12.5,20.9,17.8
01-05-1969,19.6,17.8,..,..,31.1,17.6,14.7,21.1,22.7,12.9,21.8,..,12.5,21,17.9
01-06-1969,19.7,18.2,..,..,31.4,17.7,14.6,21.1,22.7,12.9,22,..,12.5,21.3,18
01-07-1969,19.8,18.4,..,..,31.4,17.7,14.7,21.1,22.7,13,22,..,12.5,21.3,18.1
01-08-1969,19.9,18.6,..,..,31.4,17.7,14.8,21.1,22.7,13.1,22,..,12.6,21.3,18.1
01-09-1969,19.9,18.3,..,..,31.5,17.7,14.9,21.4,22.8,13.1,22,..,12.7,21.2,18.2
01-10-1969,19.9,18.2,..,..,31.7,17.7,14.9,21.6,22.9,13.1,22.2,..,12.7,21.2,18.3
01-11-1969,19.9,18.4,..,..,31.8,17.9,14.9,21.6,23,13,22.2,..,12.7,21.3,18.3
01-12-1969,20.1,18.5,..,..,31.8,17.9,15,21.6,22.9,13,22.3,..,12.7,21.4,18.4
01-01-1970,20.2,18.5,..,..,31.5,18,15,21.6,22.8,13.1,22.3,..,12.7,21.4,18.5
01-02-1970,20.2,18.6,..,..,31.5,18.1,15,21.7,23,13.1,22.4,..,12.7,21.5,18.6
01-03-1970,20.2,18.6,..,..,31.7,18.2,15.1,21.7,23.1,13.1,22.5,..,13,21.5,18.7
01-04-1970,20.3,18.7,..,..,31.9,18.2,15.1,22,23.1,13.1,22.6,..,13,21.5,18.8
01-05-1970,20.3,18.6,..,..,31.9,18.2,15.1,22.1,23.2,13.1,22.6,..,13,21.5,19
01-06-1970,20.3,18.6,..,..,31.9,18.3,15.1,22.1,23.2,13.1,22.6,..,13,21.7,19
01-07-1970,20.5,18.7,..,..,31.9,18.4,15.1,22.1,23.6,13.1,22.8,..,13,21.8,19
01-08-1970,20.5,18.8,..,..,31.8,18.4,15.1,22.2,23.7,13.1,22.7,..,13,21.6,19.1
01-09-1970,20.4,18.5,..,..,31.9,18.4,15,22.2,23.7,13.1,22.8,..,13,21.5,19.1
01-10-1970,20.4,18.3,..,..,32.1,18.4,15,22.3,23.7,13.1,22.9,..,13,21.5,19.3
01-11-1970,20.4,18.1,..,..,32.2,18.4,15.1,22.3,23.8,13.1,23,..,13.1,21.4,19.3
01-12-1970,20.3,17.8,..,..,32,18.5,15.1,22.3,23.8,13.1,23,..,13.1,21.3,19.4
01-01-1971,20.4,18,..,..,31.9,18.6,15.2,22.3,24,13.1,23,21.3,13.2,21.3,19.5
01-02-1971,20.5,18.1,..,..,31.6,18.8,15.4,22.3,24,13.2,23.1,21.3,13.3,21.4,19.6
01-03-1971,20.5,18.2,..,..,31.9,19,15.4,22.3,24.1,13.2,23.2,21.3,13.3,21.5,19.6
01-04-1971,20.7,18.4,..,..,32,19,15.7,22.3,24.1,13.2,23.2,21.5,13.7,21.8,19.8
01-05-1971,20.7,18.5,..,..,32.2,19,15.7,22.4,24.2,13.3,23.4,21.6,13.7,21.9,19.8
01-06-1971,20.8,18.6,..,..,32.2,19.1,15.7,22.5,24.1,13.3,23.4,21.7,13.7,22,19.8
01-07-1971,21,19,..,..,32.4,19.1,15.7,22.5,24.1,13.3,23.4,21.9,13.7,22.1,19.9
01-08-1971,21.2,19.4,..,..,32.3,19.1,15.7,22.5,24.2,13.4,23.5,22,13.7,22.2,20
01-09-1971,21.1,19,..,..,32.5,19.2,15.7,22.5,24.3,13.4,23.6,22,13.7,22,20.1
01-10-1971,21.2,19,..,..,32.7,19.3,15.6,22.7,24.3,13.4,23.7,22,13.7,22,20.3
01-11-1971,21.2,19,..,..,32.9,19.2,15.7,22.8,24.4,13.4,23.7,22.1,13.8,22.1,20.4
01-12-1971,21.3,19.3,..,..,32.9,19.3,15.6,23.1,24.3,13.4,23.9,22.2,13.8,22.3,20.4
01-01-1972,21.4,19.4,..,..,32.7,19.3,15.6,23.1,24.3,13.4,23.9,22.3,13.9,22.4,20.5
01-02-1972,21.5,19.6,..,..,32.6,19.3,15.6,23.3,24.6,13.4,23.9,22.4,13.9,22.6,20.5
01-03-1972,21.6,19.5,..,..,32.7,19.5,15.7,23.3,24.7,13.4,23.9,22.4,14,22.6,20.6
01-04-1972,21.7,19.7,..,..,32.9,19.5,15.9,23.4,24.7,13.7,24.1,22.5,14,22.7,20.7
01-05-1972,21.7,19.5,..,..,33,19.5,15.9,23.6,24.9,13.7,24.3,22.5,14,22.7,20.8
01-06-1972,21.7,19.5,..,..,33,19.6,15.8,23.6,24.9,13.8,24.3,22.6,14,22.8,20.9
01-07-1972,22,20.2,..,..,33,19.6,15.7,23.6,24.9,13.8,24.3,22.9,14,23,21
01-08-1972,22.2,20.7,..,..,33,19.6,15.7,23.6,25,13.8,24.4,23,14,23.1,21.2
01-09-1972,22.3,20.9,..,..,33.3,19.7,15.7,23.6,25,13.8,24.5,23.2,14,23.2,21.2
01-10-1972,22.3,20.6,..,..,33.8,19.6,15.6,23.9,25,13.8,24.6,23.2,14,23.2,21.2
01-11-1972,22.3,20.6,..,..,33.9,19.5,15.6,23.9,25.3,13.8,24.7,23.3,14,23.2,21.5
01-12-1972,22.4,20.9,..,..,33.9,19.6,15.6,23.9,25.3,13.9,24.8,23.5,14,23.3,21.5
01-01-1973,22.6,21.4,..,..,33.8,19.6,15.6,24,25.3,14,24.9,23.6,14.4,23.7,21.7
01-02-1973,22.8,21.5,..,..,33.8,19.6,15.7,24.2,25.3,14,24.9,23.7,14.6,23.9,21.7
01-03-1973,22.8,21.7,..,..,33.8,19.6,15.7,24.2,25.4,14,25,23.8,14.6,23.9,21.8
01-04-1973,23.1,22.2,..,..,34.2,19.6,15.7,24.4,25.6,14,25,24.1,14.6,24.4,22
01-05-1973,23.2,22.4,..,..,34.5,19.8,16,24.8,25.6,14.1,25.3,24.2,14.8,24.5,22.1
01-06-1973,23.4,22.8,..,..,34.6,19.9,16.3,24.8,25.7,14.1,25.4,24.5,15,24.8,22.1
01-07-1973,23.7,23.3,..,..,34.6,20,16.7,24.8,26.2,14.1,25.5,24.6,15.2,25.1,22.3
01-08-1973,24,24,..,..,34.7,20.3,17.3,24.9,26.2,14.1,25.6,24.9,15.6,25.5,22.5
01-09-1973,24.1,24.2,..,..,35,20.5,17.7,24.9,26.4,14.2,25.7,25.1,15.7,25.6,22.6
01-10-1973,24.2,24.2,..,..,35.8,20.5,17.8,25.2,26.4,14.2,25.9,25.1,15.9,25.7,22.7
01-11-1973,24.4,24.4,..,..,36.1,20.5,18.1,25.4,26.5,14.2,26,25.3,16.1,25.9,22.7
01-12-1973,24.5,24.5,..,..,36.3,20.7,18.5,25.5,26.5,14.2,26,25.4,16.6,26.1,22.9
01-01-1974,24.7,24.8,..,..,36.3,21,18.5,25.6,26.6,14.2,26.2,25.7,16.6,26.3,23
01-02-1974,24.9,25.4,..,..,36.5,21,18.5,25.8,26.8,14.3,26.5,25.9,16.6,26.6,23.2
01-03-1974,25.2,25.7,..,..,37.2,21.1,18.5,25.8,26.9,14.4,26.7,26.2,16.6,27,23.3
01-04-1974,25.4,25.8,..,..,37.6,21.3,18.3,26.4,27.4,14.6,27,26.3,16.6,27,23.5
01-05-1974,25.9,26.5,..,..,37.7,21.7,19.6,26.6,27.6,14.7,27.2,26.8,17.6,27.6,23.7
01-06-1974,26.1,26.8,..,..,38.1,22.2,20.4,26.8,28,14.8,27.4,27,18.1,28.2,23.9
01-07-1974,26.3,27,..,..,38.2,22.3,20.4,26.8,28.6,14.9,27.7,27.3,18.1,28.3,24.2
01-08-1974,26.6,27.3,..,..,38.5,22.5,20.3,27.3,28.9,15,27.9,27.5,18.1,28.5,24.4
01-09-1974,26.8,27.5,..,..,38.8,22.5,20.2,27.4,29.1,15.1,28.1,27.8,18.1,28.8,24.5
01-10-1974,27.1,27.9,..,..,39.2,22.5,20.1,27.7,29.3,15.3,28.4,28,18.1,29,24.7
01-11-1974,27.3,28.3,..,..,39.5,23.1,20,28.1,29.4,15.3,28.7,28.4,18.1,29.5,24.9
01-12-1974,27.6,28.6,..,..,39.7,23.1,20,28.2,29.7,15.7,28.9,28.7,18.2,29.7,25.1
01-01-1975,27.6,28.8,..,..,39.7,23.3,20,28.3,29.7,16,28.9,28.7,18.5,29.8,25.2
01-02-1975,27.9,29,..,..,39.7,23.4,19.8,28.7,30,16.1,29.3,29,18.5,30.1,25.6
01-03-1975,28,28.9,..,..,40.1,23.7,20.1,28.9,30.2,16.3,29.5,29.1,18.9,30.2,25.7
01-04-1975,28.2,29.1,..,..,40,24,20.4,29.4,30.4,16.3,29.6,29.3,19,30.2,26
01-05-1975,28.5,29.3,..,..,40,24,20.4,29.7,30.9,16.8,29.9,29.6,19.1,30.6,26.1
01-06-1975,28.8,30.3,..,..,40.4,24.2,20.4,29.8,31.1,16.8,30.1,30,19.1,31,26.4
01-07-1975,29.2,31,..,..,40.4,24.8,23.3,30,31.5,16.8,30.2,30.2,20.4,31.6,26.5
01-08-1975,29.5,31.3,..,..,40.4,25.3,23.9,30.5,31.7,16.8,30.5,30.6,20.7,31.8,27
01-09-1975,29.6,31.2,..,..,40.7,25.4,24.1,30.6,31.8,16.8,30.6,30.6,21.1,31.8,27.2
01-10-1975,29.8,31.3,..,..,41,25.4,24.1,30.8,31.9,16.9,31.1,30.9,21.1,32,27.7
01-11-1975,30.1,31.4,..,..,41.2,26,24.6,31.2,32,17,31.2,31.1,21.5,32.1,27.9
01-12-1975,30.2,31.3,..,..,41.5,26,24.7,31.2,31.9,17.1,31.4,31.1,21.8,32.1,28.1
01-01-1976,30.3,31.2,..,..,41.4,26.4,24.7,31.3,32.1,17.1,31.7,31.3,22.2,32.2,28.4
01-02-1976,30.5,31.1,..,..,41.6,26.5,24.5,31.7,32.1,17.1,31.8,31.3,22.4,32.2,28.7
01-03-1976,30.6,30.9,..,..,42,26.8,24.4,31.7,32.3,17.2,32.1,31.5,22.5,32.2,29
01-04-1976,30.7,30.8,..,..,42.4,26.9,24.3,32.1,32.5,17.5,32.3,31.7,22.5,32.3,29.2
01-05-1976,30.9,31.2,..,..,42.4,26.9,24.3,32.5,32.7,18,32.5,31.9,22.6,32.7,29.4
01-06-1976,31.1,31.3,..,..,42.6,27.1,24.4,32.5,32.8,18,32.7,32,22.8,32.7,29.6
01-07-1976,31.3,31.3,..,..,42.7,27.1,24.4,32.5,33.3,18,32.9,32.2,22.8,32.7,29.9
01-08-1976,31.3,31.2,..,..,42.8,27.4,24.3,32.8,33.5,18.1,33.2,32.4,22.8,32.7,30.3
01-09-1976,31.5,31,..,..,43.1,27.9,25.9,32.8,33.6,18.2,33.4,32.4,23.8,32.8,30.4
01-10-1976,31.7,31,..,..,43.5,27.8,25.9,33.1,33.5,18.2,33.7,32.6,24.1,32.9,30.9
01-11-1976,31.8,31,..,..,43.5,28.1,25.9,33.3,33.6,18.2,33.9,32.8,24,33,31.1
01-12-1976,31.9,31,..,..,43.7,28.2,25.8,33.4,33.6,18.4,34,32.9,24,33.1,31.3
01-01-1977,32.2,31.4,..,..,43.7,28.6,25.8,33.5,33.7,18.4,34.2,33.1,24.5,33.4,31.4
01-02-1977,32.4,32,..,..,44,28.6,25.8,33.9,33.8,18.5,34.4,33.5,24.5,33.8,31.7
01-03-1977,32.8,32.3,..,..,44.6,28.9,27,34,34,18.6,34.6,33.7,25.5,34.1,31.9
01-04-1977,33,32.7,..,..,45.1,29.1,27,34.4,34.1,18.9,34.8,33.9,25.7,34.4,32.1
01-05-1977,33.4,33.1,..,..,45.3,29.2,27,34.8,34.3,18.9,35,34.2,25.8,34.7,32.2
01-06-1977,33.5,33.5,..,..,45.5,29.2,27,34.9,34.4,19.1,35.2,34.4,25.8,35,32.4
01-07-1977,33.9,34.2,..,..,45.5,29.2,27,35,34.7,19.3,35.4,34.7,25.8,35.3,32.6
01-08-1977,33.9,34.3,..,..,45.8,29.2,26.9,35.2,34.8,19.4,35.6,34.9,25.8,35.4,32.8
01-09-1977,34.2,34.5,..,..,46.2,29.4,27.9,35.2,34.9,19.4,35.7,35.1,26.5,35.7,32.9
01-10-1977,34.5,35,..,..,46.7,29.3,27.7,35.7,35.2,19.5,36,35.4,26.7,35.9,33.3
01-11-1977,34.7,35.2,..,..,46.8,29.8,27.7,35.9,35.2,19.5,36.3,35.7,26.8,36.3,33.5
01-12-1977,34.9,35.8,..,..,47,29.8,27.6,36,35.1,19.7,36.3,35.9,26.7,36.6,33.5
01-01-1978,35.1,36.1,..,..,46.6,29.9,27.4,36.1,35.2,19.7,36.4,36.1,26.8,36.7,33.8
01-02-1978,35.4,36.3,..,..,46.9,30.3,27.4,36.4,35.3,19.8,36.6,36.3,27.1,36.9,34
01-03-1978,35.7,36.8,..,..,47.5,30.6,28.6,36.7,35.4,20,36.9,36.6,28.1,37.4,34.2
01-04-1978,35.8,37.4,..,..,46.2,30.5,28.2,36.7,35.3,20.5,36.8,36.7,28,37.6,34.3
01-05-1978,36.3,38.7,..,..,46.3,30.6,28.1,37.1,35.5,20.8,37,37.3,28,38.3,34.4
01-06-1978,36.6,39.4,..,..,46.7,30.6,28,37.1,35.5,20.9,37.1,37.6,27.9,38.7,34.5
01-07-1978,37.1,41.1,..,..,46.7,30.7,28,37.4,35.9,21,37.4,38.2,28,39.5,34.8
01-08-1978,37.2,40.5,..,..,46.9,31,28.9,37.8,36,21,37.5,38.2,28.4,39.3,35
01-09-1978,37.1,39.6,39.1,45.4,47.4,31.2,29.5,37.8,36.1,21,37.7,38.1,29.1,39.1,35.2
01-10-1978,37.6,40,39.5,46,48.5,31.3,29.5,38.1,36.6,21,38.2,38.5,29.1,39.7,35.4
01-11-1978,37.8,40.1,39.6,46.4,48.8,32.1,29.4,38.7,36.7,21.1,38.5,38.8,29.1,39.9,35.7
01-12-1978,37.9,40.4,39.7,46.6,49.1,32,29.6,38.8,36.7,21.1,38.6,39,29.3,40.1,35.8
01-01-1979,38.1,41.1,40.1,46.8,48.7,32.2,29.9,38.9,36.8,21.1,38.7,39.1,29.9,40.5,35.9
01-02-1979,38.6,42.1,40.2,46.8,49.2,32.5,29.9,39.3,37,21.3,38.9,39.6,30,41,36.1
01-03-1979,39,43.3,40.3,47.4,50.2,32.6,30.1,40,37.1,21.4,39.2,40.1,30,41.7,36.3
01-04-1979,39.3,43.6,40.4,47.9,50.5,32.9,30.3,40.2,37.2,21.5,39.5,40.3,30.2,42.1,36.5
01-05-1979,39.7,43.9,40.5,48.2,50.8,33.6,30.5,40.3,38,22.3,39.9,40.8,30.3,42.4,36.9
01-06-1979,39.9,44.1,40.7,48.4,51.2,33.6,30.3,40.5,38.3,22.3,40.2,41,30.3,42.5,37.1
01-07-1979,40.2,44.9,40.9,48.8,51.1,33.9,31,41,38.5,22.3,40.3,41.3,30.6,42.9,37.3
01-08-1979,40.3,44.6,41,49,51.8,34.1,31.1,41.4,38.8,22.6,40.6,41.4,30.7,43,37.5
01-09-1979,40.7,44.6,41.5,49.5,53.3,34.6,33,41.6,39,22.6,40.9,41.7,32,43.5,37.8
01-10-1979,41,45,41.7,49.7,53.7,34.9,33.2,41.6,39.4,22.6,41.2,42,32.3,43.8,38
01-11-1979,41.4,45.1,42,50.3,54.4,35.8,33.6,42.3,39.7,22.7,41.7,42.4,32.6,44.2,38.3
01-12-1979,41.6,45.6,42.1,50.5,54.7,35.9,34.4,42.4,39.7,22.7,41.9,42.7,33,44.7,38.5
01-01-1980,41.8,45.8,42.4,50.9,54.2,36.3,34.6,42.5,40.1,23.1,42,42.9,33.6,44.9,38.7
01-02-1980,42.3,46.4,42.7,51,55.2,36.4,34.7,43,40.4,23.4,42.4,43.3,33.7,45.4,38.9
01-03-1980,42.6,46.9,43.1,51.7,57,36.7,35.7,43.8,40.6,23.5,42.8,43.6,34.6,45.8,39.2
01-04-1980,42.9,47,43.3,51.8,57.2,37.2,36,43.8,40.8,23.6,43.1,43.9,34.9,46.1,39.5
01-05-1980,43.4,47.4,43.5,52.2,57.6,37.6,36.5,44.4,41.7,24.6,43.6,44.4,35,46.8,39.7
01-06-1980,43.9,48.5,43.8,52.8,57.7,37.9,36.5,44.6,42,24.9,44,45,35.2,47.5,40.1
01-07-1980,44.2,49,44.1,53.3,57.6,38.5,37.2,44.9,42.2,25,44.3,45.2,35.6,47.8,40.4
01-08-1980,44.7,49.6,44.5,53.6,58.2,38.7,37.6,45.7,42.7,25.2,44.7,45.7,36,48.3,40.7
01-09-1980,45,50.5,44.7,54.4,59,38.8,37.6,45.9,42.7,25.2,44.9,46.2,36,48.7,41
01-10-1980,45.4,50.6,45.3,54.6,59.1,39.5,40.2,46.1,43.5,25.3,45.2,46.3,38.3,49.2,41.4
01-11-1980,46,51.2,45.9,54.7,59.8,40.5,41.4,46.6,43.5,25.7,45.7,46.8,39.3,50,41.5
01-12-1980,46.2,51.8,46.1,55,59.8,40.7,41.3,46.6,43.7,25.9,45.9,47.1,39.4,50.4,41.8
01-01-1981,46.9,52,46.9,55.5,59.4,42.2,44.2,46.8,44.2,25.8,46.3,47.5,41.9,51,42.4
01-02-1981,47.4,52.9,47.3,55.7,60.4,42.3,44.2,47.5,44.8,25.9,46.7,48,42.1,51.5,42.9
01-03-1981,48,53.3,47.9,57,61,43.2,47.2,48.7,45,26.2,47.2,48.5,44.1,52.3,43.2
01-04-1981,48.3,53.8,48.2,57.5,61,43.7,47.2,49,45,26.5,47.5,48.9,44.1,52.6,43.7
01-05-1981,48.7,53.5,48.9,57.7,61.2,44.3,48.4,49.6,45.8,27.2,48.1,49.3,45.1,53,44
01-06-1981,49.5,54.5,49.7,58.3,61.7,45.4,52.2,49.7,46.1,27.8,48.6,49.9,47.3,54,44.6
01-07-1981,49.9,55.3,50.2,59.1,61.5,45.6,52.6,50,46.4,28.1,49,50.3,47.8,54.4,45
01-08-1981,50.3,55.4,50.9,59.4,62.2,45.8,52.4,50.7,46.6,28.4,49.5,50.7,48,54.8,45.5
01-09-1981,50.7,55.4,51.5,59.9,62.7,46.6,54.7,50.7,46.8,28.6,49.8,51,49.5,55.1,45.8
01-10-1981,51.2,55.3,52.5,60.7,63.2,46.9,55,50.8,47.6,29.1,50.5,51.5,50,55.4,46.6
01-11-1981,51.6,55.1,52.8,60.7,63.6,47.9,54.9,51.5,47.9,29.9,51.2,51.9,50,55.8,47.1
01-12-1981,51.8,54.7,53.3,61.1,63.4,48.9,57.8,51.7,48,30.1,51.4,52.1,51.4,55.9,47.5
01-01-1982,52.2,55.2,53.9,62,62.4,49.3,57.4,51.9,47.9,30.2,51.7,52.4,52,56,48.2
01-02-1982,52.8,56.3,54.5,62.5,63.9,49.5,57.4,52.6,48.5,30.4,52.2,53,52.1,56.7,48.8
01-03-1982,53.5,56.8,55.4,63.2,64.7,50.4,60.2,53.8,48.8,30.5,52.7,53.4,54.9,57.6,49.2
01-04-1982,53.8,57.1,55.6,63.6,64.8,50.8,60.5,54.1,49,30.6,53,53.8,55.1,57.8,49.6
01-05-1982,54.5,58.4,56,64.5,65.1,51.5,61.7,54.8,49.8,31.4,53.6,54.5,55.8,58.8,50
01-06-1982,55.1,59.7,56.2,64.9,65.4,51.7,61.7,55,50,32,54,55.1,55.9,59.4,50.5
01-07-1982,55.4,59.9,56.8,65.1,64.9,51.9,61.3,55.3,50.6,32.3,54.3,55.4,55.9,59.4,51
01-08-1982,55.6,59.4,57.4,65.4,65.8,52.3,62.4,56,51,32.6,54.7,55.7,56.4,59.6,51.5
01-09-1982,55.9,58.9,58.1,66,66.3,52.7,65.8,56.2,51,33.1,55,55.7,58.9,60,51.6
01-10-1982,56.3,58.8,59,66.5,66.3,52.6,64.1,56.3,52,33.7,55.6,56.2,58.2,60,52.3
01-11-1982,56.6,58.9,59.1,66.8,66.8,53.4,64.9,56.9,52.1,34.1,56.1,56.6,58.6,60.6,52.7
01-12-1982,56.6,58.8,59.5,67.1,66.8,53.4,64.4,57,51.9,34.2,56.2,56.6,58.6,60.5,52.8
01-01-1983,56.5,58.9,59.6,66.9,65.2,53,62.5,57.2,51.8,34.3,56,56.5,57.7,60.2,52.8
01-02-1983,56.8,59.3,59.7,67.1,67,52.4,59.7,57.7,52.4,34.5,56.4,56.9,56.6,60.5,53
01-03-1983,57.4,59.1,60.3,67.8,67.8,54.1,67.8,57.9,52.6,34.6,56.7,57.2,61.3,61.3,53.2
01-04-1983,57.4,59.8,60.4,68,68,52.8,61.4,58.5,52.7,34.9,56.9,57.3,58.5,61.3,53.3
01-05-1983,57.5,60.7,60.4,67.8,68.1,52.1,57.1,58.8,53,35.6,57,57.8,56.5,61.3,53.5
01-06-1983,58.1,60.8,60.6,67.6,68.2,54.9,68,58.8,53.3,35.9,57.3,57.9,61.6,62.4,53.8
01-07-1983,58.4,61.2,60.9,67.9,67.8,55.2,68.7,59.1,54,36,57.5,58.1,62.2,62.6,54.1
01-08-1983,58.7,61.1,61.3,68.5,68.2,55.4,69.9,59.1,54.1,36.3,57.8,58.4,62.6,62.8,54.4
01-09-1983,58.7,60.5,61.5,69.1,68.4,55,69.2,59.4,54.4,37.1,58,58.4,62.4,62.7,54.5
01-10-1983,59.1,61.2,61.9,69.5,68.7,54.7,67.8,59.6,54.5,38,58.4,59,61.8,63.1,54.8
01-11-1983,59.1,60.8,61.9,69.5,68.8,54.9,66.5,59.7,54.5,38.2,58.6,59,61.3,63.1,54.9
01-12-1983,59.2,61,62.1,69.8,68.7,55.5,68.5,59.7,54.3,38.2,58.6,59,62.2,63.3,55
01-01-1984,59.6,62.2,62.5,69.8,67.4,56.2,70.8,59.8,53.7,38.1,58.6,59.3,63.7,63.8,55
01-02-1984,59.9,62.9,62.7,69.6,68.9,56.2,70.6,60.2,54.3,38.1,58.8,59.6,64,64.4,55.2
01-03-1984,60,63.3,62.7,70.2,69.5,55.6,67.7,60.4,54.4,38.4,59.1,59.9,62.6,64.5,55.3
01-04-1984,60.2,63.6,62.9,70.5,69.5,55.6,67.8,61,54.5,38.5,59.2,60.1,62.8,64.6,55.4
01-05-1984,60.2,63.3,63,70.5,69.5,55.8,66.9,61.1,54.9,38.8,59.4,60.2,62.4,64.6,55.7
01-06-1984,60.6,64.2,63,70.1,69.5,56.5,68.3,61.1,54.9,38.9,59.5,60.5,63,64.9,55.9
01-07-1984,60.8,64.8,63.2,70.5,69.3,57,70.3,61.2,55.6,39.1,59.8,60.7,64.1,65.3,56.2
01-08-1984,60.8,64.3,63.3,70.5,69.6,56.8,68.7,61.4,55.9,39.2,59.9,60.8,63.3,65.1,56.4
01-09-1984,60.9,63.8,63.6,70.7,70.1,56.8,69,61.6,56.2,39.4,60.1,60.8,63.6,65.1,56.7
01-10-1984,61.1,63.8,64.1,71.1,70.4,56.2,68.8,61.7,56.4,40,60.3,60.9,63.6,65.3,56.7
01-11-1984,61.4,63.8,64.4,71.1,70.6,57.3,71.4,61.8,56.4,40.2,60.5,61.2,65.4,65.8,56.7
01-12-1984,61.4,63.8,64.5,71.4,70.2,57.6,72.6,61.8,56.1,40.1,60.5,61.1,66.1,65.8,56.8
01-01-1985,61.7,64.6,64.8,71.4,69.6,58.1,73.9,62,56,40.2,60.5,61.3,67.2,66.4,56.9
01-02-1985,62.1,65.3,65,71.5,70.8,58.2,73.3,62.5,56.6,40.3,60.9,61.7,67,66.7,57.1
01-03-1985,62.2,65.2,65,72.1,71.1,58.5,73.1,62.3,56.8,40.3,61.1,61.9,67,66.8,57.4
01-04-1985,62.5,66,65.3,71.9,71.3,58.5,72.9,62.8,56.8,40.6,61.3,62.2,67,67,57.6
01-05-1985,62.7,65.5,65.4,72.2,71.3,58.6,72.6,63,57.5,41.7,61.6,62.3,67,67.1,57.9
01-06-1985,63,65.8,65.5,72.1,71.7,58.8,72.1,63.2,57.4,43.9,62,62.8,66.8,67.7,58
01-07-1985,63.3,66.2,65.5,72.5,71.2,58.8,70.8,63,58,44,62.2,62.9,66,67.7,58.5
01-08-1985,63.3,65.8,65.8,72.7,71.6,59.1,71.2,63.6,58.3,44.2,62.5,63.2,66.2,67.7,58.6
01-09-1985,63.4,65.2,65.9,72.6,72.1,59.8,74.4,63.7,58.7,44.3,62.6,63.1,67.7,67.7,58.8
01-10-1985,63.6,65,66.3,72.9,72.3,59.9,75.2,64.1,58.8,44.4,62.8,63.3,68.1,67.8,59.1
01-11-1985,63.8,65.3,66.4,72.9,72.5,60.6,76.1,64.3,58.8,44.7,63.2,63.5,68.5,68.2,59.2
01-12-1985,64.1,66.2,66.6,73.1,72.3,61.1,76.9,64.3,58.7,44.8,63.2,63.8,68.8,68.7,59.4
01-01-1986,64.4,67.3,66.8,72.9,71.7,61.4,77.3,64.5,58.5,45.3,63.2,64,69.4,69.2,59.4
01-02-1986,64.7,66.9,67,73.4,72.6,61.6,77.3,64.7,58.9,46.1,63.7,64.4,69.4,69.4,59.8
01-03-1986,64.9,67,67,73.9,73.3,61.3,73.1,64.9,59.3,46.5,64.2,64.7,67.1,69.2,60.2
01-04-1986,64.9,67.7,67,74.2,73.2,60.2,65.2,65.5,59.5,47.6,64.6,65.2,62.6,69.2,60.4
01-05-1986,65.3,68.2,67.1,74.3,73.3,60.2,62.4,65.6,60.6,48,65.1,65.6,61,69.4,60.9
01-06-1986,65.4,68.4,67.1,74.5,73.2,60.5,62.5,65.8,60.8,48.1,65.2,65.8,60.8,69.4,61
01-07-1986,65.9,69.2,67.2,74.7,73,61.6,62.1,66.2,61.1,48.5,65.6,66.3,60.6,69.7,61.6
01-08-1986,66,69.5,67.5,74.8,73.8,61.5,61.6,66.2,61.4,48.6,66,66.6,60.4,69.9,61.9
01-09-1986,66,69.9,67.6,74.9,74.1,60.5,60.7,66.7,62,48.6,66,66.7,59.6,70,61.8
01-10-1986,66.4,70.2,68.3,75.2,74,60.5,60,66.8,62.3,48.9,66.3,67,59.1,70.2,62.4
01-11-1986,66.7,70.6,68.5,75.7,74.5,61.5,61.3,67.1,61.7,49.1,66.6,67.3,59.7,70.8,62.4
01-12-1986,66.8,70.5,68.8,76,74.4,61.7,61.8,67.1,61.7,49.1,66.8,67.5,59.9,70.8,62.6
01-01-1987,67,71.2,69,75.7,74,61.7,62.7,67.5,61.3,49.3,66.7,67.6,60.7,71.2,62.4
01-02-1987,67.3,71.2,69.3,76,75.4,61.6,64.5,67.8,62.1,49.5,67,67.8,62,71.5,62.8
01-03-1987,67.5,71.2,69.6,76.3,75.8,62.3,66.7,68.1,62.5,49.8,67.3,68,63.2,71.8,63.1
01-04-1987,67.9,71.2,69.9,76.2,76,62.3,67.6,68.6,62.9,51,67.6,68.3,63.6,72.1,63.4
01-05-1987,68.3,71.8,70.1,76.5,76.5,62.6,67.5,69.1,63.4,51.5,67.9,68.7,63.7,72.5,63.7
01-06-1987,68.5,72.6,70.3,76.6,76.2,62.8,69,69.2,63.4,51.5,68,68.9,64.4,72.8,63.8
01-07-1987,68.9,72.8,70.5,76.8,75.9,64.7,69.9,69.5,64.1,51.5,68.6,69.4,64.7,73.2,64.6
01-08-1987,69,72.1,70.8,76.8,77.1,64.6,70.5,70.1,64.4,51.7,68.8,69.4,65,72.9,64.8
01-09-1987,69,71.7,71,76.8,77.5,64.1,71,70.1,64.8,51.8,68.9,69.4,65.5,72.9,64.8
01-10-1987,69.2,71.8,71.7,77.3,77.5,64,70.8,70.1,65.1,51.8,69.2,69.7,65.3,73.2,65
01-11-1987,69.5,72.1,72,77.8,78.3,64.3,71,70.5,65.1,51.9,69.5,70,65.5,73.6,65.1
01-12-1987,69.6,72.1,72.1,77.5,77.9,64.6,70.7,70.4,65,51.9,69.5,70,65.5,73.5,65.4
01-01-1988,69.7,72.8,72.5,78.1,77.9,63.6,69.6,70.7,64.8,52.7,69.5,70.1,65.5,74,65.3
01-02-1988,70,72.6,72.5,78.3,79.5,63.6,67.8,71.1,65.5,53.3,70.1,70.6,64.6,74.1,65.6
01-03-1988,70.4,72.5,72.8,79,79.9,64.5,66.6,71.3,65.8,53.4,70.6,71,64.1,74.1,66.3
01-04-1988,70.6,72.8,73,78.9,80.4,64.6,68.5,71.9,66.1,53.8,70.8,71.2,64.8,74.6,66.4
01-05-1988,71,73.3,73.2,79.5,80.6,64.5,69.5,72.2,67.1,55.3,71.2,71.6,65.4,75.2,66.7
01-06-1988,71.2,73.9,73.4,79.2,80.7,64.3,69.2,72.2,67.1,55.4,71.2,71.7,65.2,75.3,66.7
01-07-1988,71.6,74.6,73.5,79.8,80.3,65.2,69.6,72.3,67.7,55.4,71.7,72.2,65.3,75.7,67.2
01-08-1988,71.7,74.8,74,79.8,81.2,64.8,67.4,72.6,67.8,55.6,72,72.4,64.2,75.8,67.5
01-09-1988,71.8,74.6,74.3,79.8,81.1,64.4,67.7,73.1,68.4,55.6,72.1,72.6,64.3,75.8,67.7
01-10-1988,72.2,74.6,75.1,80.8,81.5,64.3,67,73.2,68.9,55.7,72.6,72.9,63.9,75.8,68.2
01-11-1988,72.3,74.3,75.3,80.8,81.4,65.3,65.9,73.4,68.9,56,73,73.3,63.3,76.1,68.5
01-12-1988,72.3,74.1,75.5,81,81.4,65.1,65.6,73.5,68.9,56.1,73.1,73.3,63.1,76,68.5
01-01-1989,72.7,74.9,76.1,80.8,81.5,65.7,65.9,73.8,68.1,56.4,73.3,73.6,63.6,76.4,68.8
01-02-1989,73.2,75.6,76.4,81.3,83.4,65.7,66.3,74.3,68.9,56.6,73.8,74.1,64,77,69.2
01-03-1989,73.6,75.6,76.8,81.8,83.6,66.2,67,74.4,69.3,56.7,74.3,74.5,64.4,77.2,69.7
01-04-1989,73.8,75.9,77.3,82.1,83.3,66.5,68.8,75,69.5,56.8,74.5,74.7,65,77.4,70
01-05-1989,74.6,76.4,77.6,82.3,83.8,67.2,73.3,75.2,70.2,60.8,75.1,75.3,67.5,78.6,70.3
01-06-1989,74.9,76.9,77.9,82.5,83.4,68.2,74.1,75.1,70.2,61,75.5,75.6,67.9,78.9,70.7
01-07-1989,75.4,77.6,78.2,82.8,83.9,69,75.5,75.5,70.7,61.3,75.9,76.1,68.1,79.3,71.3
01-08-1989,75.5,77.1,78.6,82.9,84.4,68.7,75.3,75.9,70.9,61.6,76.1,76.2,68.1,79.1,71.6
01-09-1989,75.6,76.8,78.7,82.9,84.6,68.7,75.2,75.9,71.5,61.7,76.3,76.3,68,79.1,71.8
01-10-1989,75.9,77.1,79.6,83.3,84.8,68.7,74.7,76.4,71.5,61.7,76.6,76.7,67.8,79.3,72.2
01-11-1989,76.1,77,79.9,83.5,84.4,69.5,74.9,76.8,71.5,62.3,77,77,68.1,79.7,72.5
01-12-1989,76.1,76.6,80.1,83.4,83.8,69.5,74,77.1,71.5,62.3,77.1,76.9,67.8,79.3,72.7
01-01-1990,76.7,78.5,80.9,83.7,84.2,70.1,75.5,77.1,70.9,62.6,77.3,77.4,69.4,80.4,72.9
01-02-1990,77.2,79.2,81.3,83.2,85.3,70.4,77,77.5,71.6,62.9,77.7,77.9,70.2,80.8,73.3
01-03-1990,77.5,79.4,81.5,83.4,86.1,70.6,78.3,77.8,72,63,78,78.2,70.8,81,73.7
01-04-1990,77.5,78.8,81.9,83.7,86.2,70.4,79.4,78.7,72.1,63.5,78.1,78.2,71.4,80.8,74
01-05-1990,77.9,79,82.2,83.9,85.7,70.4,80.4,79.4,72.7,65.5,78.4,78.4,72.2,81.1,74.4
01-06-1990,78.2,80.1,82.2,84,86.2,70.7,81.1,79.3,72.7,65.6,78.6,78.8,72.6,81.6,74.5
01-07-1990,78.5,80.6,82.2,84.2,86.1,71.7,81.5,79.5,73.5,65.7,78.9,79.2,72.4,81.8,75.1
01-08-1990,78.6,79.9,82.5,84.2,87.3,71.6,81.9,79.7,73.6,65.9,79.2,79.3,72.6,81.7,75.4
01-09-1990,78.8,79.7,82.8,84.7,86.9,71.7,83.2,79.8,74.7,66.4,79.4,79.5,73.4,81.7,75.8
01-10-1990,79.5,80.1,83.8,85.2,87,72.7,89.3,79.9,75,66.8,79.9,79.8,76.7,82.4,76.4
01-11-1990,80,80.2,84.2,85.2,86.6,74.5,93,80.1,75,67.2,80.2,80.1,79.3,83.1,76.6
01-12-1990,79.9,79.9,84.3,84.8,86.1,74.6,92.3,80.5,75,67.2,80.2,80.1,79.2,82.9,76.6
01-01-1991,82,83.2,85.8,87.1,91.4,74.9,91.8,84.2,77,68.9,81.9,82.2,82.6,85.2,78.6
01-02-1991,82,83.2,85.8,86.9,93.8,73.4,82.8,84.2,77.3,69.1,82.3,82.5,77.9,84.8,78.9
01-03-1991,82.3,83.5,85.6,86.8,94.9,72.5,78.6,84.2,77.7,74.7,83,83,75.4,85.5,78.9
01-04-1991,82.3,83.8,85.7,87.2,94.9,71.8,76.9,84.8,77.6,75.3,83,83.1,74.1,85.4,79.1
01-05-1991,82.7,84,85.8,87.4,94.6,72.4,80.4,84.9,78,77.6,83.3,83.3,76.3,85.9,79.3
01-06-1991,83.1,85.5,86,87.6,94.4,72.4,81.3,85,77.8,78,83.4,83.7,76.5,86.5,79.5
01-07-1991,83.2,84.9,86.3,87.6,94.7,72.7,82.7,85,78.2,78.3,83.6,83.8,77.5,86.4,79.7
01-08-1991,83.3,84,86.5,87.6,95.6,73,82.4,84.9,78.3,78.4,83.8,83.9,77.3,86.3,79.9
01-09-1991,83.1,82.9,86.5,88.1,94.9,72.8,83.5,84.8,79.6,78.6,83.9,83.7,77.8,85.9,80
01-10-1991,83,82.1,87.2,87.6,94.6,72.4,80.4,84.4,79.4,79.1,84.1,83.7,76.3,85.4,80.5
01-11-1991,83.3,82.3,87.2,87.7,94.2,73.6,80.2,84.9,79.4,79.1,84.4,83.9,76.3,85.8,80.6
01-12-1991,82.9,81.7,87.2,87.5,93.3,72.8,77.4,84.9,78.8,79.1,84.1,83.7,75.4,85.1,80.5
01-01-1992,83.3,82.4,87.6,87.6,93.7,73.6,79.9,85.4,78.1,79.8,84.3,83.9,77.6,85.8,80.6
01-02-1992,83.3,82.5,87.6,88,95.8,72.7,75.7,85.2,78.5,80,84.6,84.1,75.6,85.8,80.8
01-03-1992,83.6,82.9,87.5,87.9,95.8,73.6,74.7,85.4,78.7,80.2,84.9,84.4,75.1,86.2,80.8
01-04-1992,83.7,83.2,87.4,87.8,95.6,73.7,75.2,86.4,78.4,80.5,84.9,84.5,75.2,86.2,80.9
01-05-1992,83.8,83,87.6,87.7,95.3,74,76.9,86.4,78.9,80.8,84.9,84.5,76.3,86.2,81.2
01-06-1992,84,83.7,87.5,87.5,94.9,74.7,79.5,86.4,78.8,81.1,84.9,84.6,77.5,86.6,81.2
01-07-1992,84.2,83.5,87.7,87.9,94.3,75.3,82.3,87.1,79.6,81.1,85.2,84.9,79,86.7,81.6
01-08-1992,84.2,83.4,87.9,87.8,95.8,74.5,80.3,87.2,79.6,81.5,85.3,84.9,78.1,86.6,81.7
01-09-1992,84.2,83,87.7,88.1,95.3,74.3,79.4,87.2,80.1,81.5,85.3,84.8,77.6,86.3,81.8
01-10-1992,84.3,83,88.4,87.8,95.8,74.2,79,87.3,79.8,81.5,85.5,85,77.5,86.2,82.1
01-11-1992,84.7,83.1,88.6,88.1,94.6,76.2,80.3,87.5,80,81.7,85.9,85.4,78.3,86.9,82.3
01-12-1992,84.7,83.4,88.7,88.1,94,75.9,79.6,87.5,79.6,81.7,85.8,85.3,78.2,86.9,82.2
01-01-1993,85,84.1,88.9,88.2,95.3,76.2,79.4,87.9,79.3,81.8,86.1,85.6,78.6,87.4,82.3
01-02-1993,85.3,84.5,88.9,88.6,96.3,76.2,78.2,88.1,79.9,81.9,86.4,86,78.2,87.8,82.5
01-03-1993,85.2,84.2,88.9,88.2,96.6,76.2,76.9,88.1,80,81.9,86.5,86,77.6,87.6,82.7
01-04-1993,85.2,84,89,88.7,96.6,75.9,76.9,88.8,80.3,82.1,86.5,86,77.7,87.5,82.8
01-05-1993,85.4,84.9,88.9,88.6,95.7,75.9,77.9,89,80.7,82.2,86.4,86.1,78.2,87.7,82.8
01-06-1993,85.4,84.9,88.9,88.6,96.1,76.1,79.5,88.9,80.8,82,86.4,86.1,78.9,87.9,82.8
01-07-1993,85.6,84.9,88.9,88.8,95.8,76.8,78.4,89,81.5,82.1,86.7,86.3,78.6,87.9,83.2
01-08-1993,85.7,84.5,89,88.6,96.2,76.8,77.4,89.2,81.5,82.5,86.9,86.3,78.1,87.7,83.3
01-09-1993,85.7,84.1,89,89.2,96.4,76.9,78,89.3,82.2,82.6,87.2,86.5,78.4,87.7,83.5
01-10-1993,85.9,84.2,89.4,89.2,96.2,76.8,76.9,89.6,82.2,82.5,87.2,86.7,78,87.7,83.8
01-11-1993,86.3,84.5,89.5,89,95.8,78.8,75.8,89.4,82.2,82.5,87.8,87.1,78,88.5,83.8
01-12-1993,86.1,84.9,89.6,88.8,95,78.5,73.3,89.4,82,82.4,87.6,87,77.1,88.4,83.8
01-01-1994,86.1,85.2,89.5,88.8,95.9,77.9,71.4,89.7,81.6,82.4,87.5,87,76.4,88.5,83.5
01-02-1994,85.4,84.9,89.5,89.3,97.6,79,72.9,90.1,82.2,68.4,86.6,86.3,77.3,86.8,84
01-03-1994,85.4,84.3,89.4,89.1,98.1,79,73,89.8,82.6,68.1,86.6,86.1,77.5,86.6,84
01-04-1994,85.4,84.6,88.9,89.2,97.9,79.4,74.4,90.3,82.6,67.7,86.6,86.1,77.4,86.6,84
01-05-1994,85.2,84.6,89,88.5,96.1,79.4,76.1,90.2,83,67.5,86.3,86,78.1,86.2,84.1
01-06-1994,85.4,84.9,89.2,88.6,96.6,80,78.4,89.9,83,67.5,86.4,86.1,79.2,86.6,84.3
01-07-1994,85.7,85.3,89.2,88.6,96.7,80.8,79.8,89.4,83.7,67.2,86.6,86.3,79.9,86.7,84.6
01-08-1994,85.8,85.1,89.4,88.4,96.9,81.1,81.3,89.3,83.8,67.2,86.7,86.3,80.6,86.8,84.7
01-09-1994,85.9,84.5,89.4,89.1,96.7,80.8,79.5,89.6,84.9,67.2,87,86.5,79.8,86.6,85.1
01-10-1994,85.7,84.8,89.7,88.9,96.5,80.2,76.2,89.5,84.8,67.3,86.9,86.5,78.2,86.3,85.1
01-11-1994,86.2,84.9,89.8,88.9,96.1,82,78.4,89.6,84.9,67.5,87.4,86.9,79.5,87.1,85.2
01-12-1994,86.3,85.1,90.1,89.3,96.2,82.4,76.4,89.4,84.6,67.4,87.6,87.1,78.8,87.1,85.5
01-01-1995,86.6,86.4,90.2,89.6,96.5,82.7,76.2,89.8,83.9,67.5,87.8,87.5,78.5,87.8,85.5
01-02-1995,87,86.9,90.2,90,97.8,83.1,76.9,89.8,84.7,67.7,88.1,87.8,78.7,88.2,85.8
01-03-1995,87.2,86.9,90.3,90.3,97.4,83.5,78,89.5,85.5,68.2,88.4,88,79.2,88.4,86
01-04-1995,87.5,87.8,90.1,90.5,97.9,83.8,81,89.6,85.6,68.3,88.4,88.3,79.5,88.7,86.1
01-05-1995,87.7,87.3,90.3,90.6,96.7,84.8,85,89.6,86.4,68.8,88.6,88.3,81.3,88.8,86.5
01-06-1995,87.7,87.4,90.5,90.4,96,84.8,84,89.5,86.5,68.9,88.6,88.3,81.2,88.7,86.6
01-07-1995,87.9,87.4,90.5,90.6,95.6,84.8,82.4,89.8,88.2,68.9,88.9,88.7,80.6,88.6,87.1
01-08-1995,87.7,86.6,90.5,90.7,96.5,84.4,80.1,89.6,88.1,69,89.1,88.6,79.5,88.2,87.2
01-09-1995,87.8,86.4,90.5,91,97.5,84.7,80.7,89.3,88.7,69,89.3,88.7,79.7,88.3,87.4
01-10-1995,87.7,86.4,90.4,91.2,97.2,84.4,79.5,89.5,87.9,69.3,89.2,88.7,78.8,88.2,87.3
01-11-1995,88,86.4,90.6,91,97.1,85.3,77.7,89.5,88.1,69.4,89.5,88.9,78.5,88.6,87.3
01-12-1995,87.8,86.8,90.6,91,94.7,85.8,79.1,89.5,86.4,69.3,89.2,88.7,79.5,88.6,87
01-01-1996,88,87.2,90.6,91.8,95.6,85.8,78.9,89.6,86.1,69.4,89.3,88.9,79.5,88.7,87.2
01-02-1996,88.1,87.3,90.6,92,96.9,85.8,78.4,89.7,86.7,69.6,89.5,89,79.3,89,87.3
01-03-1996,88.5,87.4,90.6,92.4,97.5,86.5,81.1,89.7,87.1,69.6,89.7,89.3,80.6,89.4,87.4
01-04-1996,88.7,88.3,90.5,92.4,96.9,87.4,84.3,90.1,87.3,69.7,89.8,89.4,81.7,89.9,87.6
01-05-1996,89,87.9,90.6,92.4,96.5,88.5,89.6,90.1,88.3,70.1,90,89.5,84.3,90.2,87.8
01-06-1996,89,88.5,90.4,92.8,95,87.8,86.9,90.1,88.4,70.2,89.8,89.5,83.1,90.1,87.7
01-07-1996,89,88.3,90.5,92.8,95.1,86.9,82.4,90.1,90.5,70.1,90.2,89.8,81,89.6,88.3
01-08-1996,89,88,90.3,93,96.2,87.2,82.5,90.2,90.5,70.1,90.3,89.8,81.1,89.7,88.3
01-09-1996,89.1,87.7,90.5,93.1,97.1,87.2,83.7,90.2,90.9,70.2,90.4,89.9,81.7,89.8,88.4
01-10-1996,89.3,88.3,90.9,92.6,97.7,87.4,84.7,90.3,90.7,70.2,90.4,90,83.4,90.3,88.3
01-11-1996,89.7,88.9,90.6,92.5,96.6,90.3,85.5,90.6,89.4,70.3,90.8,90.5,83.3,90.9,88.6
01-12-1996,89.7,88.7,90.8,92.5,95.5,90.6,85.4,90.6,89,71.3,90.8,90.4,83.8,90.9,88.7
01-01-1997,89.9,89.1,90.9,93.5,95.6,90.4,85.6,90.7,88.7,71.5,90.8,90.5,84.4,91.1,88.7
01-02-1997,90.1,89.4,90.9,93.5,96.6,90.3,86.8,91.1,89.3,71.8,90.9,90.6,84.9,91.4,88.7
01-03-1997,90.2,89.4,90.9,93.9,97.8,90.4,85.4,91.2,89.8,71.9,91.3,90.9,84.5,91.5,89
01-04-1997,90.2,89,90.9,93.9,98.8,90.1,84.3,91.9,89.9,71.9,91.4,91,83.1,91.2,89.1
01-05-1997,90.3,89.4,90.7,93.7,98,90.1,84.7,91.8,90.8,72.3,91.4,91.1,83.2,91.2,89.3
01-06-1997,90.5,89.7,90.8,93.5,97.5,90.4,85.5,92,91.8,72.4,91.7,91.2,83.6,91.3,89.6
01-07-1997,90.5,90.1,90.8,93.5,96.5,89.9,83.4,91.9,92.4,72.1,91.6,91.2,82.9,91,90
01-08-1997,90.6,89.5,90.6,93.5,98.5,90.7,87.3,91.8,92.4,72.4,91.7,91.2,84.6,91.2,90
01-09-1997,90.6,88.9,90.6,93.9,98.3,90.9,88.1,91.7,92.8,72.5,91.8,91.1,84.9,91.1,90
01-10-1997,90.6,88.9,90.7,94,99.6,90.2,86,92,92.6,72.8,91.9,91.3,84.2,91.3,89.9
01-11-1997,90.5,89.8,90.7,93.6,98,90.4,83.4,92.2,91,73,91.7,91.2,83.2,91.4,89.6
01-12-1997,90.4,89.7,90.8,93.9,96.7,90.2,82.1,92.4,90.4,72.9,91.5,91.1,82.9,91.2,89.6
01-01-1998,90.9,91.2,90.8,95.3,97.9,90.2,80.8,92.7,90.3,73.2,91.9,91.8,82.3,91.8,90
01-02-1998,91,90.5,90.7,95.5,98.8,89.8,79.2,92.8,91.8,74.4,92.3,92,80.8,91.6,90.3
01-03-1998,91.1,90.7,90.8,95.4,99.5,89.5,76.9,92.8,92.1,74.5,92.5,92.2,79.9,91.5,90.6
01-04-1998,91,90.5,90.9,95.3,98.7,89.4,77.7,93.3,92.1,74.6,92.5,92.1,80,91.3,90.7
01-05-1998,91.3,90.9,91,95.2,98,89.7,79.4,93.7,93.6,74.9,92.7,92.3,81.2,91.6,91
01-06-1998,91.4,91.6,90.9,94.9,98.1,89.7,79.1,93.7,93.8,74.9,92.6,92.4,81.1,91.7,91.1
01-07-1998,91.4,91.3,91,94.9,97.6,89.5,78,93.8,94.6,75.1,92.8,92.5,80.4,91.3,91.5
01-08-1998,91.4,90.8,91.1,94.8,99.5,89.4,77,93.8,94.5,75.2,93,92.5,80.3,91.3,91.5
01-09-1998,91.2,90.1,91,95.4,99.3,89.2,76.6,94,94.2,75.5,93,92.5,79.1,90.8,91.7
01-10-1998,91.6,90.2,91.6,94.9,100.9,89.6,78.3,94.1,94.3,75.5,93.2,92.6,80.8,91.3,91.8
01-11-1998,91.6,91.2,91.5,94.8,99.3,90.1,77.5,94.3,92.8,75.7,93,92.7,80.3,91.7,91.4
01-12-1998,91.3,91.2,91.8,94.7,97.5,89.5,74.2,94.2,92.2,75.6,92.8,92.5,79.4,91.3,91.4
01-01-1999,91.5,92.3,91.8,94.8,98.6,89.4,74.4,94.4,91.4,75.8,92.8,92.7,79.5,91.8,91.2
01-02-1999,91.6,91.8,91.8,95.3,99.3,89.2,73.2,94.6,92.4,75.9,93.1,92.9,78.9,91.7,91.5
01-03-1999,92,92,91.8,95.5,101,90.2,75.8,94.5,92.9,75.8,93.5,93.2,80,92.2,91.8
01-04-1999,92.5,92.2,92,95.7,100.6,91.9,82.3,95.2,93.1,76.1,93.8,93.4,83,92.8,92.2
01-05-1999,92.7,92.4,91.9,95.9,99.7,92.3,83.3,95.6,94.7,76.6,94,93.7,83.6,93,92.5
01-06-1999,92.9,92.7,92,96,99.4,92,82.1,95.7,95.5,76.6,94.1,93.8,83,93,92.7
01-07-1999,93.1,92.5,92.1,95.9,99.3,92.7,85.5,95.6,96.3,76.7,94.2,93.9,84.8,93.1,93
01-08-1999,93.3,91.8,92.3,95.9,101.1,94,90.8,95.7,96.4,76.5,94.4,93.9,87.8,93.5,93.1
01-09-1999,93.6,91.2,92.8,96.2,102,94.5,92.7,95.8,96.9,76.6,94.8,94.1,89,93.7,93.5
01-10-1999,93.7,91.4,92.9,96.3,102,94.5,93.2,95.7,96.5,76.5,94.7,94,90.1,94,93.3
01-11-1999,93.6,92,93.1,96.2,100.2,94.7,91.7,95.7,95.2,76.9,94.5,94,89.3,93.9,93.2
01-12-1999,93.7,92.2,93.4,95.9,98.4,95.5,93.9,96,94.5,77.6,94.4,93.9,91.3,94.1,93.2
01-01-2000,93.5,92.1,93.7,95.5,99.2,94.7,93.3,96.1,93.8,77.8,94.2,93.8,91.5,94,93.1
01-02-2000,94.1,91.9,94.4,96.1,100.2,95.6,96.2,96.2,94.9,78,94.6,94.1,94.2,94.7,93.5
01-03-2000,94.8,92.3,94.5,96.4,101.2,97.5,104.7,96.1,95.6,78.2,95,94.4,97.9,95.8,93.7
01-04-2000,94.5,92.5,94.5,96.3,100,96.1,98.8,96.5,95.7,78.4,95,94.5,94.3,94.9,94.1
01-05-2000,94.9,93.2,94.7,96.4,99.5,96.6,100.7,97,97.1,78.9,95.3,94.9,95.4,95.3,94.5
01-06-2000,95.5,93.8,95,96.6,99.5,98,107.1,96.9,98.1,79.2,95.5,95.2,99.1,96.2,94.9
01-07-2000,95.8,94.3,95.5,97.1,99.5,97.6,106.7,97,98.9,79.3,95.7,95.4,99.9,96.3,95.4
01-08-2000,95.7,94,95.7,97.2,100.2,96.7,103,97.4,98.8,79.3,95.8,95.5,98.2,95.9,95.5
01-09-2000,96.1,93.3,96.3,97.1,102.1,98.1,109.1,97.3,98.8,79.6,96,95.5,102.5,96.6,95.6
01-10-2000,96.3,93.1,97.2,97.3,102.3,97.8,108.3,97.7,98.5,79.4,96.1,95.5,103.8,96.9,95.6
01-11-2000,96.6,93.9,97.7,97.3,100.3,99.7,109.2,97.8,96.9,79.8,96.2,95.7,105.4,97.7,95.5
01-12-2000,96.7,95.1,98.1,97.1,100,98.5,104.8,97.7,96.6,80.1,96.2,96,103.7,97.8,95.6
01-01-2001,96.3,95.3,97.5,97.1,99.6,97.5,103.1,97.9,96.1,80.2,96,95.8,101,97,95.6
01-02-2001,96.8,96.1,97.3,97.6,101.3,97.8,103.8,98.4,97.3,80.5,96.5,96.4,100.2,97.4,96.1
01-03-2001,97.1,96.9,98.4,97.8,102.6,96.8,101.4,98.3,97.7,80.5,96.6,96.7,101.5,98.1,96.2
01-04-2001,97.8,97.2,98.9,98.4,101.2,98.3,106.9,98.7,98.1,83.6,97,97,105.2,99.1,96.5
01-05-2001,98.6,98,100,98.6,99.7,99.6,112.8,99,99.2,85.2,97.3,97.4,110.7,100.4,96.9
01-06-2001,98.7,98.2,100.3,98.8,99.3,98.9,108,99.5,99.4,85.3,97.4,97.6,109.3,100.1,97.3
01-07-2001,98.4,98.6,99.9,98.8,100.6,97,97.6,99.4,99.9,85.5,97.8,98,102.7,98.9,97.8
01-08-2001,98.4,97.9,99.9,98.9,101.3,97.3,99,98.9,99.9,86.1,97.9,97.9,102.9,98.8,98
01-09-2001,98.6,97.2,99.6,99.5,102.6,98.9,106.5,98.9,99.7,86.2,98.1,97.9,105.7,99.2,98
01-10-2001,98.1,97,99.8,99.3,101.9,96.9,98,99.6,98.6,86.4,98,97.8,101,98.3,97.9
01-11-2001,97.2,97.5,98.4,99,100,94.4,88.2,99.3,97.5,90.4,97.8,97.7,92.2,96.8,97.6
01-12-2001,97.4,98.6,98.9,99.3,98.7,93.7,84.5,99.2,97.3,90.6,97.7,97.9,91.9,97,97.7
01-01-2002,97.6,99.7,99.3,99.2,97.2,94.4,86.7,98.9,96.8,90.8,97.6,98,94,97.5,97.8
01-02-2002,98.2,100.3,99.4,99.4,100.2,94.8,87.9,99.4,98.2,91.4,98.2,98.6,94.4,98.2,98.3
01-03-2002,98.9,100.1,99.4,99.9,101.9,97.1,96,99.2,98.9,92.4,98.7,99,98.1,99.2,98.6
01-04-2002,99.5,100.5,99.1,100.1,101.4,99.5,102.5,99.8,98.7,94.5,99.2,99.4,99.9,99.9,99
01-05-2002,99.7,100.1,99.4,100,99.5,99.7,100.6,100.2,100.4,96.1,99.6,99.7,99.1,99.6,99.7
01-06-2002,99.9,100.5,99.3,100.2,99.1,99.7,99.7,100.4,100.7,100.5,100,100.1,98,99.9,100
01-07-2002,100.5,100.5,99.5,100.3,99.8,100.7,102.5,99.9,101.7,104.8,100.6,100.6,99.5,100.5,100.5
01-08-2002,100.9,99.9,100.3,100.4,99.9,101.9,105,100.1,101.7,105,100.9,100.7,102.9,100.9,100.9
01-09-2002,100.9,99,100.7,100,102,101.8,105.2,100.2,101.9,105.2,101,100.6,103.9,100.9,100.9
01-10-2002,101.2,98.5,101.7,100.1,101.8,102.6,106.9,100.6,101.1,106.2,101.2,100.7,106.8,101.4,101.1
01-11-2002,101.5,100.1,101.7,100.2,100,103.6,104.9,100.6,100.3,106.7,101.4,101.2,105.1,101.7,101.3
01-12-2002,101.1,100.8,100.1,100.2,97.2,104.2,102.2,100.6,99.7,106.5,101.5,101.4,98.4,100.3,101.9
01-01-2003,102,101.6,102.1,100.1,96.6,105.5,108.4,100.5,99.3,106.8,101.5,101.5,108.3,101.9,102.1
01-02-2003,102.8,101.5,102.5,100.6,98.7,107.1,116.1,100.8,100.6,108.1,102.1,102,113,103,102.6
01-03-2003,103.1,101.7,103.2,100.6,100.3,107.6,117.2,100.5,100.3,108.3,102.3,102.2,115.3,103.6,102.7
01-04-2003,102.4,101.8,102.3,100.7,98.7,105.4,106.7,101.2,100,108.9,102.3,102.2,106,101.9,102.9
01-05-2003,102.5,102.1,102.9,100.6,98.3,104,99.3,101.4,100.7,110.2,102.5,102.4,103.7,101.8,103.2
01-06-2003,102.5,102.4,103.4,100.6,96,103.7,100.5,101.1,101,110.4,102.3,102.3,105.7,101.5,103.5
01-07-2003,102.6,102.4,103.3,100.7,96.6,104.1,102.4,101.2,101.2,110.5,102.4,102.4,106.2,101.6,103.7
01-08-2003,102.9,101.5,103.4,100.8,96.8,105.9,111.6,101.7,101.4,110.9,102.6,102.4,110.7,101.9,104
01-09-2003,103.1,100.8,103.6,101.1,99.8,105.6,110.8,101.9,102,111,102.9,102.5,110.6,101.9,104.3
01-10-2003,102.8,100.7,103.8,101.1,99.9,103.9,103.5,101.9,101.6,110.9,103,102.6,105.7,100.9,104.6
01-11-2003,103.1,101.7,104,101,99.1,104.8,100.5,102.2,100.9,111.4,103.3,103,104.4,101.5,104.5
01-12-2003,103.2,102.6,104.4,101,97.5,104.7,100,101.9,100.1,113.3,103.2,103.1,105.1,101.6,104.7
01-01-2004,103.3,102.8,104.3,100.9,97.2,105.8,105.8,102,99.1,113.9,103.1,103,107.1,101.9,104.6
01-02-2004,103.5,102.6,104.5,101.2,98.8,105.5,109.4,102,100.2,114.2,103.2,103.1,109.5,102.1,104.8
01-03-2004,103.9,102.7,104.6,101.3,100.1,106.2,112.3,102.4,100.8,114.3,103.5,103.4,110.6,102.6,105
01-04-2004,104.1,102.5,105.1,101.6,98.7,106.7,113.9,103.1,100.6,115.1,103.6,103.4,112.8,102.9,105.2
01-05-2004,105,103.4,105.3,101.4,97.7,110.2,129.4,103.1,101.6,116,103.9,103.8,120.5,104.4,105.6
01-06-2004,105.1,104.4,105.7,101.1,96.9,109.4,125.1,103.1,101.7,116.5,103.8,103.9,119.4,104.3,105.8
01-07-2004,105,104.4,106,101,96,108.8,120.7,103.2,102.1,116.7,104,104,117.5,103.8,106.2
01-08-2004,104.8,104.1,106.2,101.1,96.8,107.6,120.3,102.8,101.8,117.1,103.8,103.8,117.6,103.4,106.2
01-09-2004,105,103.7,106.5,101.4,99.7,106.9,118.8,103.2,102.4,117,104.1,104,117,103.4,106.5
01-10-2004,105.2,104.2,107,101.1,100.2,107.6,124.5,103.1,101.6,117,104.1,104.1,119.5,103.8,106.7
01-11-2004,105.6,105.2,107.4,101.2,98.2,109.1,118.3,102.8,100.9,117.1,104.6,104.7,117.1,104.3,106.8
01-12-2004,105.4,105.7,107.4,101.3,95.8,108.4,112.1,103.1,100.5,116.9,104.6,104.8,113.6,103.8,107
01-01-2005,105.3,105.4,107.5,101.3,95.1,108.8,114.9,103,99.3,117.4,104.3,104.5,115,103.5,106.9
01-02-2005,105.7,105.2,107.7,101.5,97.9,109.3,118.7,103.7,100,117.5,104.7,104.8,117.5,104.1,107.2
01-03-2005,106.3,105.6,108.1,101.7,100.8,110.3,124.9,103.9,100.4,118.4,105.1,105.2,121,105.2,107.4
01-04-2005,106.6,106.6,108.4,101.5,97.8,111.2,131.4,104.7,100.4,118.6,104.8,105.1,124.9,105.6,107.6
01-05-2005,106.7,106.8,108.6,101.6,97.3,110.9,127.3,104.5,100.9,119.4,105.1,105.4,122.5,105.3,108
01-06-2005,106.9,107.2,108.8,101.7,96.3,111.3,130.4,104.9,101.1,119.6,105.2,105.5,124.1,105.5,108.3
01-07-2005,107.1,106.9,109.4,101.7,96,111.8,135.5,105.2,101.7,119.5,105.1,105.4,128.3,105.7,108.5
01-08-2005,107.5,106.8,109.3,101.8,97.2,113.9,144.4,104.9,101.7,119.7,105.3,105.6,132.2,106.6,108.5
01-09-2005,108.4,105.8,110,102.1,100.6,116.7,160,104.8,102.2,120,105.7,105.7,142.1,108.2,108.7
01-10-2005,107.9,106.2,110.7,101.7,99.3,114,145.7,104.9,101.3,119.7,105.6,105.7,135.6,106.9,108.9
01-11-2005,107.7,106.7,110.8,102.1,96.8,113.2,129.4,105.4,100.6,120,106.1,106.2,127.4,106.4,109.1
01-12-2005,107.6,107.5,110.5,102.2,95.5,113.1,128.6,105.2,100.2,119.4,106,106.2,125.2,106,109.2
01-01-2006,108.2,108.4,111.8,102.3,94.2,114.7,136.9,105,99.1,120,105.8,106.3,132.7,107.3,109.2
01-02-2006,108,108.2,111.7,102.5,95.5,112.7,127.6,105.4,99.7,120.5,106.1,106.5,127.1,106.4,109.5
01-03-2006,108.6,108.2,111.9,102.4,98.3,114.2,134.1,105.5,100.2,121.5,106.6,106.9,130,107.2,109.9
01-04-2006,109.2,108.1,112.2,102.3,95.8,117.9,152.2,105.9,100.2,121.9,106.6,106.8,138.9,108.1,110.3
01-05-2006,109.7,108.7,113,102.4,96.1,117.8,151,106.1,101.5,121.8,107,107.3,139.8,108.4,111
01-06-2006,109.5,109.2,112.8,102.1,94.1,117.3,150.5,106.1,101.3,121.8,106.7,107.2,138.4,107.9,111.1
01-07-2006,109.6,109.2,113.2,101.4,93.5,118.3,157.3,105.7,101.3,121.5,106.5,107,142,108.1,111.2
01-08-2006,109.8,109.2,113.5,101.7,95.4,118,157.5,105.5,101.2,121.8,106.8,107.2,141.7,108.1,111.4
01-09-2006,109.2,108.8,114,102.1,98.5,112.8,130,106,101.5,122,107.4,107.6,128.8,106.4,111.9
01-10-2006,109,109.2,114.1,102.2,97.7,111.7,124.8,106.1,100.9,122.2,107.5,107.8,123.8,105.6,112.2
01-11-2006,109.2,110.1,114.1,102.2,97,112.7,125.3,106.7,100.5,122.3,107.7,108.1,123.8,106.1,112.4
01-12-2006,109.4,109.9,114.6,102.2,93.5,114.1,130.5,106.3,100.1,123.2,107.6,108,127.1,106.1,112.6
01-01-2007,109.4,110.9,114.8,102.4,94.2,113.3,126.4,106.3,99.2,124.2,107.6,108.2,125.2,106.3,112.5
01-02-2007,110.2,112.6,114.9,103,95.4,114.2,131.3,106.5,100.2,124.2,108,108.9,127.1,107.4,113
01-03-2007,111.1,112.2,115.4,103.2,97.5,117.7,147.6,106.4,100.9,124.1,108.5,109.1,135.9,108.8,113.4
01-04-2007,111.6,112.2,116.2,103.3,97.7,118.6,151.4,106.8,100.9,124.5,108.7,109.3,139.1,109.2,113.9
01-05-2007,112.1,112.5,116,103,96,120.7,159.7,107.4,102.2,125.2,109,109.6,142,109.6,114.5
01-06-2007,111.9,112.6,116.8,103,93.1,119.2,153.1,107.9,102.5,125.7,109,109.6,140.1,108.9,114.8
01-07-2007,112,112.3,117,103.2,94.6,118.5,152.9,107.5,103,126,109.1,109.7,139.6,108.6,115.3
01-08-2007,111.7,111.8,117.6,103.5,95.4,116.3,145.4,107.6,102.9,126.1,109.2,109.7,136.4,107.7,115.6
01-09-2007,111.9,110.9,117.8,103.7,97.4,116.9,146.5,107.6,103.4,126.6,109.7,109.9,136.6,107.8,115.9
01-10-2007,111.6,110.7,118.7,103.4,97.1,115.2,141.7,107.5,102.7,126.3,109.6,109.8,134.5,107.1,116.1
01-11-2007,111.9,111.3,118.8,103.3,96.4,116.7,147.4,108,102,126.5,109.6,109.9,136.5,107.6,116.2
01-12-2007,112,111.7,119.2,103.5,93.7,117.5,149.9,107.7,101.2,126.2,109.4,109.8,138.2,107.4,116.5
01-01-2008,111.8,112.4,119.2,103.3,92.2,117.6,152.8,107.5,99.6,126.4,109,109.6,139,107.3,116.2
01-02-2008,112.2,112.8,119.6,104.1,94.1,117,153.7,107.7,100.8,126.8,109.4,110,139.4,107.4,116.9
01-03-2008,112.6,112.6,120.1,104.1,96,117.8,159.3,107.9,101.3,126.6,109.6,110.2,143.2,108.1,117.1
01-04-2008,113.5,113.5,121.2,104.4,94.3,120.1,168.9,108.3,101.6,126.7,109.9,110.5,150.2,109.2,117.7
01-05-2008,114.6,114.6,121.6,104.3,93,123.6,183.7,108.6,102.9,127.4,110.3,111,158.4,110.4,118.7
01-06-2008,115.4,115.8,122.3,104.3,92.5,125.8,194.3,108.7,102.9,127.7,110.3,111.3,165.3,111.6,119.1
01-07-2008,115.8,116.5,123.3,104.4,93.3,125.7,196.7,108.5,103.2,127.6,110.4,111.5,169.1,112.1,119.4
01-08-2008,115.6,116.8,123.8,104.4,93.7,123.1,183.7,109.3,103.5,127.5,110.5,111.7,164,111.5,119.6
01-09-2008,115.7,117.1,123.1,105.6,96.1,122.4,185.3,109.4,103.9,128,110.8,112,161.5,111.5,119.8
01-10-2008,114.5,117.4,123.2,105.2,94.4,117,160.5,109.2,103,128,110.6,111.8,147.5,108.9,120
01-11-2008,114.1,119.5,123.4,105.5,94.1,113.2,126.2,110.1,101.9,128.5,111.3,112.8,130.7,108.1,120
01-12-2008,113.3,119.8,123.4,105.5,91.3,110.3,111.3,109.9,101.2,128.7,111,112.6,123,106.5,120.1
01-01-2009,113,120.6,123.1,105.7,91.8,108.8,116.9,110.4,99.7,129.2,110.3,112.1,123.8,106.2,119.7
01-02-2009,113.8,121.2,123.2,106.4,93.6,110.2,123.4,110.4,101.1,129.2,110.8,112.7,127.2,107.3,120.2
01-03-2009,114,121.5,122.6,106.8,95.7,110.5,125.9,110.5,101.8,129.7,111.1,113,127.1,107.6,120.4
01-04-2009,113.9,121.6,121.4,107.3,95.1,110.5,127.1,111.1,102.4,129.7,111.2,113.1,123.9,107,120.7
01-05-2009,114.7,121.9,121.4,107.6,93.9,113.5,137.6,112.1,103.8,131.2,111.7,113.5,129.4,108.1,121.3
01-06-2009,115.1,122.2,121.3,107.3,91.3,116.1,147,112.8,103.8,131.6,111.7,113.6,133.9,108.6,121.5
01-07-2009,114.7,122.3,120.8,107.1,91.3,114.3,141,112.5,104.3,131.5,111.5,113.5,129.6,107.7,121.6
01-08-2009,114.7,121.5,121.1,107,92.1,114.8,144.7,112.5,104.4,131.4,111.5,113.3,132.6,107.8,121.6
01-09-2009,114.7,120.4,120.9,107.9,94.9,113.6,142.6,113.7,104.9,131.3,111.8,113.4,131.3,107.4,121.9
01-10-2009,114.6,120.1,121.2,107.9,95,113.4,139.5,112.9,104.5,131.4,112,113.4,128.8,107,122.1
01-11-2009,115.2,121.5,121.3,108.5,95.1,115.4,144,113.6,103.7,131.3,112.2,113.9,132.4,108.6,121.8
01-12-2009,114.8,121.8,121.3,107.5,90.6,115.5,139.8,113.2,102.8,131.2,111.7,113.5,130.3,107.6,121.8
01-01-2010,115.1,122.3,121.8,107.9,90.1,117.2,144.8,113.8,101.1,131.1,111.6,113.6,133.9,108.4,121.8
01-02-2010,115.6,122.7,121.8,108.3,91.2,116.7,142.3,113.7,104.1,131.4,112.4,114.2,132.3,108.5,122.6
01-03-2010,115.6,123.1,121.7,108.3,93.6,117.1,147.6,113.5,102.5,131.5,112.1,114.1,134.5,109,122.2
01-04-2010,116,122.8,122.4,108.5,94.1,117.4,147.8,114.8,102.9,131.8,112.5,114.4,136,109.4,122.6
01-05-2010,116.3,122.9,123,108.6,92.7,118.1,147.1,114.6,103.6,132.1,112.8,114.6,137.4,109.4,123.2
01-06-2010,116.2,123,123.3,108.6,89.7,117.3,142.8,114.7,104.2,132.2,112.7,114.6,135.7,108.7,123.6
01-07-2010,116.8,123.7,124.3,109.2,88.8,117.4,147.8,115.6,105.1,134.5,113,115,139.8,109.1,124.5
01-08-2010,116.7,123.5,124,109,90.1,117.1,147.4,116.4,105,134.4,113,114.9,139.2,109.1,124.3
01-09-2010,116.9,122.9,123.9,109.4,92.8,117.1,147,116.1,105.6,134.4,113.4,115.1,138.7,109.2,124.5
01-10-2010,117.4,122.7,124.6,109.3,94.9,118.6,151.8,116,105.2,134.5,113.9,115.5,140.5,109.7,124.9
01-11-2010,117.5,123.3,124.4,109.5,92.1,120.7,154.4,116.1,104.3,134.6,113.9,115.6,141.3,110.1,125
01-12-2010,117.5,123.9,124.6,109.3,88.8,121.2,158,115.8,103.9,134.6,113.5,115.4,144,110,124.9
01-01-2011,117.8,124.9,124.5,109.6,87.9,122.8,163.6,115.8,102.7,135.2,113.4,115.5,146,110.5,125
01-02-2011,118.1,125.3,124.5,110.1,89.4,122.6,164.6,116,103.8,135,113.7,115.8,146.3,110.8,125.3
01-03-2011,119.4,127.2,124.6,110.4,94.4,124.8,175.5,116.4,104.9,134.8,114.4,116.8,151.7,113,125.7
01-04-2011,119.8,126.9,125.2,109.8,93.1,127.2,186.8,117.3,105.1,135,114.4,116.7,159.2,113.7,125.9
01-05-2011,120.6,127.7,125.2,110.4,93.7,128.9,190.5,117.2,106.1,135.7,115,117.3,160.2,114.4,126.7
01-06-2011,119.8,128.3,125.4,110.7,90.4,125.5,183.5,116.9,106,135.6,114.3,116.8,157,112.8,126.8
01-07-2011,120,129,125.9,110.7,89.7,125,182.5,116.7,106.8,136.1,114.3,117,157.9,112.9,127.1
01-08-2011,120.3,128.9,126.2,111.2,90.6,125.3,181,117.5,106.4,136.1,114.7,117.2,157.9,113.2,127.3
01-09-2011,120.6,128.2,125.7,111.6,95,126.3,180.4,117.5,106.9,135.9,115.5,117.8,156,113.5,127.8
01-10-2011,120.8,128,126.5,111.9,96.1,126.5,179.4,117.4,106,135.8,115.6,117.9,156.9,113.9,127.7
01-11-2011,120.9,129.2,126.3,112.1,93.1,127.6,175.2,117.9,104.8,135.8,115.7,118.2,154.1,113.8,127.8
01-12-2011,120.2,129.3,126.8,111.8,89.1,125.2,170,118.1,104.1,135.8,115,117.5,152.7,112.6,127.7
01-01-2012,120.7,130.2,127.1,112.2,89.3,127.4,174.7,118.1,102.6,136.3,115.2,117.9,155.5,113.6,127.8
01-02-2012,121.2,130.4,126.9,112.8,91.9,127.8,179.2,118.4,103.7,136.6,115.6,118.3,156.9,114.1,128.2
01-03-2012,121.7,130,126.6,112.7,94.8,129.5,187,118.3,104.9,137.5,116.1,118.7,159.5,114.8,128.6
01-04-2012,122.2,130.1,126.6,112.6,95.3,131.3,192.9,118.9,105.4,137.7,116.6,119.1,161,115.3,129.1
01-05-2012,122.1,130.9,126.7,112.8,93.4,129.9,186.1,118.8,106.7,137.7,116.7,119.3,157.7,114.7,129.5
01-06-2012,121.6,130.9,127,113.1,90.5,127.6,180.2,118.9,106.7,137.5,116.2,118.8,155.7,113.5,129.6
01-07-2012,121.5,131.7,127.2,113,89.1,126.4,180.1,118.5,107.2,137.6,115.8,118.7,156,113.2,129.7
01-08-2012,121.8,131.7,127.4,112.7,89.5,127.5,184.9,119.8,107.6,137.8,116,118.8,159.2,114,129.6
01-09-2012,122,130.3,127.2,113.2,93.3,128.3,188.8,118.5,107.7,137.7,116.4,118.9,160.6,114.2,129.8
01-10-2012,122.2,130.5,127.6,113.5,94.7,128.6,186.6,118.5,106.6,137.8,116.7,119.2,159.5,114.5,129.8
01-11-2012,121.9,131.4,127.5,113.7,92.5,127.3,175.9,118.7,106.1,138.3,116.7,119.3,153.8,113.8,129.9
01-12-2012,121.2,131.2,127.5,113.2,89.2,125.8,171.7,118.6,105.3,138.3,116,118.7,151.9,112.6,129.7
01-01-2013,121.3,131.6,127.8,113.5,87.9,126.7,171.6,118.5,103.7,138.9,115.9,118.7,152.8,112.9,129.6
01-02-2013,122.7,132.9,127.9,114.3,91.4,130.3,186.1,118.6,104.7,139.4,116.9,119.7,160.1,115.2,130.1
01-03-2013,122.9,132.4,128,114.7,95.3,129.5,186.5,118.3,105.2,139.8,117.2,120,159.9,115.4,130.3
01-04-2013,122.7,132.1,128.2,114.3,94.7,128.6,181.3,118.6,105.2,140.1,117.2,119.9,158,114.9,130.3
01-05-2013,123,132.6,128.3,114,93.9,129.2,183.3,118.3,106.5,141.1,117.3,120.1,159.3,115,130.9
01-06-2013,123,132.5,128.5,114.2,91.2,130.2,188.5,118.4,106.6,140.9,117.2,119.9,162.1,114.8,131.1
01-07-2013,123.1,132.7,128.8,114.5,90.4,129.8,191,118,107.7,140.5,117.1,119.9,164.2,114.7,131.5
01-08-2013,123.1,133,128.8,114.1,91.6,129.2,189,118.1,107.9,140.4,117.1,120,163,114.7,131.6
01-09-2013,123.3,131.9,129,114.5,93.7,129.3,188.2,118.4,107.9,140.9,117.5,120.1,163,114.8,131.7
01-10-2013,123,131.7,129.2,114.7,94,128.5,178.6,117.9,106.9,141,117.8,120.3,157,114.3,131.8
01-11-2013,123,132.8,129.8,114.8,92.1,128,176.6,118,106.2,141.1,117.5,120.3,157.4,114.3,131.8
01-12-2013,122.7,132.5,129.9,114.7,89.4,128.5,179.7,118.1,105.3,141.2,117.1,119.9,158.9,113.8,131.7
01-01-2014,123.1,133,130.5,114.7,89.2,129.2,179.5,118.3,104.7,140.9,117.3,120.1,160.2,114.2,131.9
01-02-2014,124.1,134.3,130.7,115.3,91,130.8,183.7,118.4,106.4,142.9,118.2,121,162.6,115.6,132.5
01-03-2014,124.8,134.4,131.4,115.7,94,131.7,189.2,118.1,106.5,145.3,118.6,121.5,167.2,117,132.5
01-04-2014,125.2,134.6,132.4,115.5,95,132.2,193.2,118.9,106.2,145.1,118.8,121.6,171.2,117.5,132.9
01-05-2014,125.8,135.7,132.6,115.8,94.5,132.7,194.8,119.2,107.8,146.2,119.1,122.1,172.7,117.9,133.6
01-06-2014,125.9,136.4,132.2,116.4,92.7,133.1,198.7,119,108.2,146.7,119.1,122.2,173,117.8,133.9
01-07-2014,125.7,136.5,132.6,116.3,91.8,131.5,195,118.9,108.9,147.1,118.9,122.1,171.9,117.1,134.2
01-08-2014,125.7,135.9,132.4,117.5,92.1,130.8,188.8,119.2,109.4,148.4,119.4,122.4,168.3,116.7,134.7
01-09-2014,125.8,135.5,132.5,117.6,95.6,130,187.2,119.3,109.6,148.5,119.7,122.6,167.4,116.9,134.8
01-10-2014,125.9,135.4,132.8,118.1,96.9,129.9,179.7,118.8,108.7,149.2,120.2,122.9,163.6,116.9,134.9
01-11-2014,125.4,136.9,132.8,118.2,94.7,127.7,166.2,119.9,106.8,149.4,119.8,122.9,156.5,116.2,134.5
01-12-2014,124.5,137.4,133,117.8,91.1,124.9,149.9,119.6,106.1,149.1,119.3,122.5,148.7,114.6,134.5
01-01-2015,124.3,139.1,133.1,118,91.1,122.4,131.3,120,105.6,149.9,119.5,122.9,139.5,114,134.7
01-02-2015,125.4,139.5,133.1,118.9,93.3,124.3,143.7,120.1,107.9,150.3,120.3,123.7,145.1,115.3,135.5
01-03-2015,126.3,139.5,133.3,119.4,96.4,126.6,152.8,119.5,108.7,150.7,121,124.3,149.8,117,135.6
01-04-2015,126.2,139.4,133.1,119.7,96.2,126.6,152.6,120.1,107.7,151.4,121,124.3,148.1,116.7,135.6
01-05-2015,126.9,140.8,133.2,119.7,95,128,161,120.7,109.9,151.9,121.3,124.8,152.4,117.6,136.2
01-06-2015,127.2,141,133.5,120,93,129.6,170.6,120.5,110.6,152.1,121.3,124.8,157.5,118,136.5
01-07-2015,127.3,140.9,133.8,120.1,93,129.2,171.3,120.6,111.2,152.2,121.3,124.8,159.2,117.9,136.8
01-08-2015,127.3,140.8,133.9,120.4,94,127.8,165.1,120.5,111.7,152.6,121.5,124.9,156.1,117.5,137.1
01-09-2015,127.1,140.3,133.9,120.5,96.7,125.4,152.1,120.7,112.3,152.9,121.9,125.2,149.3,116.8,137.4
01-10-2015,127.2,140.9,134.3,120.6,97.7,125.8,149,120.7,110.8,152.9,122.2,125.5,146.6,117.1,137.4
01-11-2015,127.1,141.6,134.4,119.8,96.7,126.3,148.6,121.6,108.8,153.8,121.9,125.4,146.5,117.3,136.9
01-12-2015,126.5,142.5,134.5,119.6,91.7,125.6,142.7,121,107.9,153.5,121.3,125,143.4,116.3,136.8
01-01-2016,126.8,144.6,134.6,120,90.8,125.1,134.1,121.5,107.9,154.5,121.6,125.6,139,116.6,137
01-02-2016,127.1,145,134.7,121,92.1,123.7,124.9,121.5,109.6,155.2,122.3,126.2,134.6,116.5,137.7
01-03-2016,127.9,144.5,134.8,121.4,96,125.3,132,121.4,110.9,156.2,123.1,126.9,138.1,117.8,138
01-04-2016,128.3,143.8,134.9,121.6,96,127.8,143.7,122.2,110.3,156.5,123.3,126.9,143.4,118.6,138
01-05-2016,128.8,143.3,135.1,122.1,96,129.4,149.6,122.3,111.7,156.8,123.8,127.2,146.9,118.9,138.8
01-06-2016,129.1,142.8,135.6,122.4,94.1,131,156.1,122.2,112,156.7,123.9,127.3,150.6,119.1,139.1
01-07-2016,128.9,143.2,136,122.3,92.6,128.9,147.4,122,113.3,157.1,123.8,127.2,147.4,118.2,139.7
01-08-2016,128.7,142.3,136.2,122.2,93.6,128.2,146.1,122.7,112.9,157.3,123.8,127.1,147,117.9,139.6
01-09-2016,128.8,140.4,136.2,121.9,96.8,128.3,147.3,122.4,113.8,157.7,124.3,127.2,147.3,117.8,139.9
01-10-2016,129.1,139.9,136.9,122.1,97.5,129.6,152.7,122.8,112.4,158.1,124.5,127.3,150.2,118.3,139.9
01-11-2016,128.6,140.6,137.2,121.6,95.5,128.1,146.1,122.9,111.1,158,124,127,146.8,117.6,139.6
01-12-2016,128.4,140.6,137.3,121.3,91.9,129.4,150.6,122.6,110.2,157.8,123.5,126.6,149.1,117.4,139.5
01-01-2017,129.5,141.5,137.8,121.4,91.1,133,161.7,123.4,111.3,158.7,124.3,127.3,155.8,118.9,140.2
01-02-2017,129.7,141.7,137.6,121.7,92.9,131.9,153.7,123.3,113.2,159.2,124.8,127.8,151.1,118.7,140.7
01-03-2017,129.9,141.8,137.7,121.4,95.1,131.1,152,123.5,114.9,159.7,125.2,128.2,149.8,118.8,141.1
01-04-2017,130.4,142.2,137.9,122.2,94.1,133.2,166.5,124.2,113.9,160.1,125.2,128.2,157.2,119.5,141.4
01-05-2017,130.5,143.1,137.7,122.4,94.6,132.3,159.8,124.1,114.5,160.7,125.5,128.6,151.8,119,142
01-06-2017,130.4,143.6,137.8,122.7,92.5,131.8,153.9,124.4,114.9,161.2,125.6,128.8,148.7,118.5,142.4
01-07-2017,130.4,144.1,137.7,122.2,92.5,131.3,154.2,124.7,115.8,161.7,125.6,128.9,147.8,118.3,142.6
01-08-2017,130.5,143.6,138,121.9,93.2,131.8,158.7,125,115.3,162,125.6,128.8,150.4,118.4,142.7
01-09-2017,130.8,142.4,138.1,121.4,94.6,133.2,168.1,124.5,116.2,162.5,125.8,128.8,154.5,118.8,142.8
01-10-2017,130.9,141.7,138.6,122.3,96,133.5,162.7,125.3,114.1,162.4,126.2,129.1,151.7,118.8,143
01-11-2017,131.3,142.9,138.9,122.7,95.3,135.7,174.7,124.2,113,162.5,126.2,129.2,157.9,119.9,142.8
01-12-2017,130.8,143.4,139.2,120.9,92.4,135.7,168.9,124.4,111.2,162.2,125.6,128.7,155.8,119.4,142.3
01-01-2018,131.7,144.7,139.7,122.4,91.7,137.2,174.3,125.1,111.8,163.2,126.2,129.5,159.5,120.2,143.3
01-02-2018,132.5,144.7,140,123.4,93.3,137.7,173,125.6,114.1,164.1,127.1,130.3,159.1,120.7,144.3
01-03-2018,132.9,144.2,140,122.9,95,138,178,126.3,116.4,166,127.6,130.6,161,120.9,144.9
01-04-2018,133.3,144.8,140.3,123.9,96.2,139.5,190.1,126.2,113.7,167.9,127.5,130.6,167.1,122,144.6
01-05-2018,133.4,144.6,140.4,122.8,95.4,139.7,196.4,125.9,116.5,168.1,127.6,130.6,169.4,121.6,145.3
01-06-2018,133.6,145.6,140.5,122.6,94.2,140.5,191.8,126.3,115.6,168.9,127.8,130.9,167.2,121.7,145.5
01-07-2018,134.3,146.1,141,123.1,93,142,193.3,126.1,117.9,169,128.5,131.6,168.8,121.6,147.1
01-08-2018,134.2,145.9,141.2,122.9,93.7,141.3,190.3,126.7,117.5,169.5,128.5,131.6,167.2,121.4,147.1
01-09-2018,133.7,144.9,141.5,123,96,138.4,188.3,126.1,117,169.7,128.1,131.1,166.3,121.1,146.3
01-10-2018,134.1,144.6,142,124,97.2,139.3,182.3,126.3,116.1,169.7,128.8,131.7,163.7,121.4,146.8
01-11-2018,133.5,146.1,142.3,123.8,95.9,137.1,165.2,125.1,114.3,169.9,128.4,131.6,155.8,120.5,146.6
01-12-2018,133.4,147.5,142.3,123.4,92.6,138,154.4,125.6,112.9,169.3,128.5,131.9,150.1,119.6,147.3
01-01-2019,133.6,148.7,143,123.3,92.2,136.6,149.6,125.9,113.3,170.6,128.6,132.2,148.5,120,147.1
01-02-2019,134.5,149.3,143.4,123.6,94.8,137.9,152.4,126.4,115.2,170.9,129.6,133,150.1,121.4,147.6
01-03-2019,135.4,149.4,143.8,123.5,96.4,140.6,170.1,126.6,116.6,170.9,130,133.5,159.1,122.7,148.1
01-04-2019,136,149,144.1,123.8,97.2,143,187.1,127.1,115.8,171.3,130.1,133.5,168.2,123.7,148.1
01-05-2019,136.6,149.7,144.2,123.9,96.7,144,189.2,127.3,118.6,171.7,130.7,134.1,169.2,123.9,149.2
01-06-2019,136.3,150.7,144,124.1,94.9,142.7,174.1,127.7,117.9,171.2,130.8,134.3,160.3,122.8,149.6
01-07-2019,137,151.6,144.3,123.5,94,144.2,179.9,128,121.1,171,131.3,134.9,163.4,123.2,150.7
01-08-2019,136.8,151.1,144.6,123.5,94.7,143.3,170.9,127.8,119.8,171.1,131.3,134.8,159.3,122.5,150.9
01-09-2019,136.2,150.2,144.8,123.6,98.5,140.3,169.5,127.8,118,170.9,130.8,134.3,158.7,122.7,149.5
01-10-2019,136.6,149.9,145.7,123.8,99.4,141.3,170.1,127.9,117.6,171.3,131.4,134.7,158.9,123,150.1
01-11-2019,136.4,151.1,145.9,123.6,98.5,141.5,166.7,128,114.5,172,131,134.6,158.1,123.3,149.4
01-12-2019,136.4,151.9,146.3,122.9,95.3,143.1,165.8,127.9,113.2,170,130.8,134.5,158.3,122.6,150.1
01-01-2020,136.8,153.5,146.4,122.6,95.8,143.4,166.4,128.6,113,171.4,131,134.9,158.6,123.7,149.7
01-02-2020,137.4,152.9,146.7,123.3,97.4,144,163.1,128.8,116,171.4,132.1,135.7,156.6,123.9,150.8
01-03-2020,136.6,152.8,146.5,123.7,99,138.9,134,128.6,116,171.5,132.2,135.8,140.6,122,151.1
01-04-2020,135.7,154,146,124.2,93.2,136.7,113.6,128.7,115,172.1,131.8,135.7,128.3,120.2,151.1
01-05-2020,136.1,154.3,145.6,123.6,91.5,139.7,132.8,128.4,115.5,172.1,131.5,135.5,137,121,151.1
01-06-2020,137.2,154.8,146.4,123.7,92.4,142.8,146.7,128.3,116.3,172.2,132.1,136.1,146.2,122.6,151.6
01-07-2020,137.2,155,146.4,124.2,92.1,142.8,153.1,128.8,116.3,172,131.9,136,149.7,122.9,151.5
01-08-2020,137,153.8,146.8,124,93.5,141.5,151.9,129.6,116.1,171.8,131.9,135.7,149.3,122.3,151.6
01-09-2020,136.9,152.6,147.3,124,94.5,140.4,151.3,129.8,116.6,172.1,131.9,135.6,149.8,122.2,151.5
01-10-2020,137.5,153.3,148.3,124.3,95.4,141.1,149,130.2,116.1,172.5,132.5,136.2,149.4,122.9,151.9
01-11-2020,137.7,153.9,148.7,124.3,96.2,141.3,146.8,130.6,115.6,172.1,132.7,136.5,149.1,123.2,152.1
01-12-2020,137.4,153.6,148.7,123.6,92.1,142.3,151.7,130,115.5,171.4,132.2,136,152,122.5,152.1
01-01-2021,138.2,155,148.4,124.3,91.9,144.9,160.9,130.3,116.3,172.5,132.8,136.7,154.3,123.8,152.5
01-02-2021,138.9,155.6,148.8,124.3,92.7,147.1,171.3,130.5,116.1,173.2,133.1,137.1,160.4,125.2,152.6
01-03-2021,139.6,155.5,150,123.5,93.7,148.8,181.3,130.5,116.4,173.6,133.4,137.3,167.4,126.2,152.9
01-04-2021,140.3,155.4,150.7,124.7,94.9,149.5,184.6,132.5,116.8,174.4,134.2,137.9,170.2,126.8,153.7
01-05-2021,141,156.6,151.7,124.7,95.1,150.3,190.5,132.4,117.6,175.2,134.6,138.5,173.2,127.9,154
01-06-2021,141.4,156.8,152.8,124.8,93.4,150.8,193.6,132.6,118,175.5,135,138.8,174.7,128.1,154.6
01-07-2021,142.3,157.6,153.5,125.6,93,152.2,200.4,133.4,119.7,175,135.6,139.5,179.2,129.1,155.4
01-08-2021,142.6,158,153.9,125.8,93.3,153.8,201.3,133.3,118.6,176.2,135.9,139.8,180.2,129.4,155.7
01-09-2021,142.9,158.5,154.4,125.9,94.7,153.2,201,133.7,119,175.8,136.2,140.1,179.9,129.6,156.1
01-10-2021,143.9,159.2,155.4,126.5,96,155.4,211.1,133.9,120.1,176.2,136.8,140.7,187.5,130.9,156.7
01-11-2021,144.2,160.7,155.9,126.3,96.9,155.4,210.8,134.1,118.5,176.6,136.8,141,188.4,131.7,156.5
01-12-2021,144,161.6,156.8,126.1,93.1,154.9,202.2,133.4,117.7,175.7,136.7,141.1,184.2,130.8,157.2
01-01-2022,145.3,163.9,157.6,126.7,93.4,156.9,211.9,134.1,119.2,178.2,137.5,142.1,190,132.7,157.7
01-02-2022,146.8,166,158.6,127.6,93.8,159.9,226.6,134.6,120.9,178.5,138.3,143.1,199,134.7,158.4
01-03-2022,148.9,167.5,160.2,129.1,94.5,165.5,253.4,134.9,123.1,179.3,139.6,144.4,213.9,137.8,159.4
01-04-2022,149.8,169,161.9,129.8,95.1,166.3,251.7,137,121.6,179.8,140.4,145.3,215.1,138.3,160.8
01-05-2022,151.9,170.4,163,131.5,97.2,172.2,281.9,137.2,123.9,180.4,141.6,146.6,233.4,141.2,162
01-06-2022,152.9,170.6,163.6,131.8,95.9,176.2,299.4,137.8,125.3,180.7,142.2,147.1,242.5,142.4,162.7
01-07-2022,153.1,172.1,164.2,131.9,94.3,174.1,271.8,138.6,127.1,181.6,143.1,148.1,229.4,141.5,164.2
01-08-2022,152.6,173.5,164.1,132.2,94.6,169.7,245.8,139.1,125.4,182.4,143.1,148.3,214.5,140.4,164.3
01-09-2022,152.7,174.8,164.9,132.7,96.1,166.5,227.6,139.6,125.2,182.4,143.6,148.9,205.1,140.2,164.8
01-10-2022,153.8,175.2,166.2,132.9,97.7,170.1,248.6,140.4,125,183.5,144.1,149.4,217.9,141.9,165.2
01-11-2022,154,177.3,167.2,132.9,97.3,168.6,239.6,141.5,123.4,184.5,144.2,149.8,214.6,142.2,165.5
01-12-2022,153.1,177.9,167.8,131.9,94.8,164.2,208.3,141.5,121.7,184.2,144,149.7,197.7,139.8,166
01-01-2023,153.9,181,168,131.4,93.8,165.4,218.1,142.4,122.6,186.5,144.3,150.4,200.3,141.2,166.1
01-02-2023,154.5,182.1,168.3,132.8,95.6,164.8,215.9,143,123.7,187.3,145,151.2,197.9,141.8,166.8
01-03-2023,155.3,182.4,168.9,133.3,96.8,166,218.4,143.7,125.1,189,145.9,152,199.2,142.7,167.6
01-04-2023,156.4,183.1,169.9,133.7,97.5,168.5,232.2,145.7,125.4,189.4,146.6,152.7,206,143.9,168.5
